week,sku,dc,actual_qty
1,SKU001_Snacks,Mumbai,606
1,SKU001_Snacks,Kolkata,713
1,SKU002_Beverages,Mumbai,638
1,SKU002_Beverages,Kolkata,610
1,SKU003_Cheese,Mumbai,534
1,SKU003_Cheese,Kolkata,510
1,SKU004_Bakery,Mumbai,549
1,SKU004_Bakery,Kolkata,686
1,SKU005_Frozen,Mumbai,524
1,SKU005_Frozen,Kolkata,477
2,SKU001_Snacks,Mumbai,627
2,SKU001_Snacks,Kolkata,741
2,SKU002_Beverages,Mumbai,480
2,SKU002_Beverages,Kolkata,506
2,SKU003_Cheese,Mumbai,411
2,SKU003_Cheese,Kolkata,409
2,SKU004_Bakery,Mumbai,567
2,SKU004_Bakery,Kolkata,598
2,SKU005_Frozen,Mumbai,438
2,SKU005_Frozen,Kolkata,581
3,SKU001_Snacks,Mumbai,616
3,SKU001_Snacks,Kolkata,647
3,SKU002_Beverages,Mumbai,474
3,SKU002_Beverages,Kolkata,463
3,SKU003_Cheese,Mumbai,433
3,SKU003_Cheese,Kolkata,436
3,SKU004_Bakery,Mumbai,465
3,SKU004_Bakery,Kolkata,598
3,SKU005_Frozen,Mumbai,513
3,SKU005_Frozen,Kolkata,503
4,SKU001_Snacks,Mumbai,737
4,SKU001_Snacks,Kolkata,774
4,SKU002_Beverages,Mumbai,591
4,SKU002_Beverages,Kolkata,560
4,SKU003_Cheese,Mumbai,425
4,SKU003_Cheese,Kolkata,592
4,SKU004_Bakery,Mumbai,582
4,SKU004_Bakery,Kolkata,648
4,SKU005_Frozen,Mumbai,462
4,SKU005_Frozen,Kolkata,507
5,SKU001_Snacks,Mumbai,709
5,SKU001_Snacks,Kolkata,686
5,SKU002_Beverages,Mumbai,654
5,SKU002_Beverages,Kolkata,708
5,SKU003_Cheese,Mumbai,493
5,SKU003_Cheese,Kolkata,569
5,SKU004_Bakery,Mumbai,575
5,SKU004_Bakery,Kolkata,695
5,SKU005_Frozen,Mumbai,549
5,SKU005_Frozen,Kolkata,527
6,SKU001_Snacks,Mumbai,638
6,SKU001_Snacks,Kolkata,863
6,SKU002_Beverages,Mumbai,560
6,SKU002_Beverages,Kolkata,511
6,SKU003_Cheese,Mumbai,504
6,SKU003_Cheese,Kolkata,436
6,SKU004_Bakery,Mumbai,739
6,SKU004_Bakery,Kolkata,611
6,SKU005_Frozen,Mumbai,517
6,SKU005_Frozen,Kolkata,600
7,SKU001_Snacks,Mumbai,680
7,SKU001_Snacks,Kolkata,719
7,SKU002_Beverages,Mumbai,584
7,SKU002_Beverages,Kolkata,507
7,SKU003_Cheese,Mumbai,419
7,SKU003_Cheese,Kolkata,388
7,SKU004_Bakery,Mumbai,664
7,SKU004_Bakery,Kolkata,609
7,SKU005_Frozen,Mumbai,501
7,SKU005_Frozen,Kolkata,441
8,SKU001_Snacks,Mumbai,1367
8,SKU001_Snacks,Kolkata,845
8,SKU002_Beverages,Mumbai,839
8,SKU002_Beverages,Kolkata,989
8,SKU003_Cheese,Mumbai,628
8,SKU003_Cheese,Kolkata,844
8,SKU004_Bakery,Mumbai,1303
8,SKU004_Bakery,Kolkata,1251
8,SKU005_Frozen,Mumbai,981
8,SKU005_Frozen,Kolkata,777
9,SKU001_Snacks,Mumbai,894
9,SKU001_Snacks,Kolkata,746
9,SKU002_Beverages,Mumbai,573
9,SKU002_Beverages,Kolkata,578
9,SKU003_Cheese,Mumbai,643
9,SKU003_Cheese,Kolkata,505
9,SKU004_Bakery,Mumbai,733
9,SKU004_Bakery,Kolkata,747
9,SKU005_Frozen,Mumbai,545
9,SKU005_Frozen,Kolkata,634
10,SKU001_Snacks,Mumbai,799
10,SKU001_Snacks,Kolkata,770
10,SKU002_Beverages,Mumbai,576
10,SKU002_Beverages,Kolkata,675
10,SKU003_Cheese,Mumbai,434
10,SKU003_Cheese,Kolkata,528
10,SKU004_Bakery,Mumbai,657
10,SKU004_Bakery,Kolkata,789
10,SKU005_Frozen,Mumbai,651
10,SKU005_Frozen,Kolkata,638
11,SKU001_Snacks,Mumbai,593
11,SKU001_Snacks,Kolkata,637
11,SKU002_Beverages,Mumbai,685
11,SKU002_Beverages,Kolkata,520
11,SKU003_Cheese,Mumbai,477
11,SKU003_Cheese,Kolkata,433
11,SKU004_Bakery,Mumbai,684
11,SKU004_Bakery,Kolkata,773
11,SKU005_Frozen,Mumbai,436
11,SKU005_Frozen,Kolkata,512
12,SKU001_Snacks,Mumbai,849
12,SKU001_Snacks,Kolkata,862
12,SKU002_Beverages,Mumbai,568
12,SKU002_Beverages,Kolkata,639
12,SKU003_Cheese,Mumbai,497
12,SKU003_Cheese,Kolkata,596
12,SKU004_Bakery,Mumbai,675
12,SKU004_Bakery,Kolkata,804
12,SKU005_Frozen,Mumbai,621
12,SKU005_Frozen,Kolkata,657
13,SKU001_Snacks,Mumbai,988
13,SKU001_Snacks,Kolkata,963
13,SKU002_Beverages,Mumbai,710
13,SKU002_Beverages,Kolkata,674
13,SKU003_Cheese,Mumbai,507
13,SKU003_Cheese,Kolkata,558
13,SKU004_Bakery,Mumbai,756
13,SKU004_Bakery,Kolkata,789
13,SKU005_Frozen,Mumbai,609
13,SKU005_Frozen,Kolkata,606
14,SKU001_Snacks,Mumbai,704
14,SKU001_Snacks,Kolkata,724
14,SKU002_Beverages,Mumbai,658
14,SKU002_Beverages,Kolkata,742
14,SKU003_Cheese,Mumbai,467
14,SKU003_Cheese,Kolkata,653
14,SKU004_Bakery,Mumbai,692
14,SKU004_Bakery,Kolkata,604
14,SKU005_Frozen,Mumbai,627
14,SKU005_Frozen,Kolkata,610
15,SKU001_Snacks,Mumbai,632
15,SKU001_Snacks,Kolkata,686
15,SKU002_Beverages,Mumbai,589
15,SKU002_Beverages,Kolkata,618
15,SKU003_Cheese,Mumbai,446
15,SKU003_Cheese,Kolkata,455
15,SKU004_Bakery,Mumbai,587
15,SKU004_Bakery,Kolkata,710
15,SKU005_Frozen,Mumbai,562
15,SKU005_Frozen,Kolkata,521
16,SKU001_Snacks,Mumbai,877
16,SKU001_Snacks,Kolkata,1286
16,SKU002_Beverages,Mumbai,767
16,SKU002_Beverages,Kolkata,1203
16,SKU003_Cheese,Mumbai,707
16,SKU003_Cheese,Kolkata,818
16,SKU004_Bakery,Mumbai,766
16,SKU004_Bakery,Kolkata,1051
16,SKU005_Frozen,Mumbai,980
16,SKU005_Frozen,Kolkata,623
17,SKU001_Snacks,Mumbai,711
17,SKU001_Snacks,Kolkata,941
17,SKU002_Beverages,Mumbai,660
17,SKU002_Beverages,Kolkata,610
17,SKU003_Cheese,Mumbai,602
17,SKU003_Cheese,Kolkata,555
17,SKU004_Bakery,Mumbai,852
17,SKU004_Bakery,Kolkata,714
17,SKU005_Frozen,Mumbai,540
17,SKU005_Frozen,Kolkata,714
18,SKU001_Snacks,Mumbai,780
18,SKU001_Snacks,Kolkata,737
18,SKU002_Beverages,Mumbai,509
18,SKU002_Beverages,Kolkata,641
18,SKU003_Cheese,Mumbai,452
18,SKU003_Cheese,Kolkata,542
18,SKU004_Bakery,Mumbai,595
18,SKU004_Bakery,Kolkata,639
18,SKU005_Frozen,Mumbai,443
18,SKU005_Frozen,Kolkata,625
19,SKU001_Snacks,Mumbai,630
19,SKU001_Snacks,Kolkata,744
19,SKU002_Beverages,Mumbai,476
19,SKU002_Beverages,Kolkata,646
19,SKU003_Cheese,Mumbai,427
19,SKU003_Cheese,Kolkata,579
19,SKU004_Bakery,Mumbai,751
19,SKU004_Bakery,Kolkata,547
19,SKU005_Frozen,Mumbai,481
19,SKU005_Frozen,Kolkata,508
20,SKU001_Snacks,Mumbai,613
20,SKU001_Snacks,Kolkata,655
20,SKU002_Beverages,Mumbai,559
20,SKU002_Beverages,Kolkata,682
20,SKU003_Cheese,Mumbai,486
20,SKU003_Cheese,Kolkata,438
20,SKU004_Bakery,Mumbai,685
20,SKU004_Bakery,Kolkata,710
20,SKU005_Frozen,Mumbai,562
20,SKU005_Frozen,Kolkata,536
21,SKU001_Snacks,Mumbai,664
21,SKU001_Snacks,Kolkata,895
21,SKU002_Beverages,Mumbai,721
21,SKU002_Beverages,Kolkata,589
21,SKU003_Cheese,Mumbai,496
21,SKU003_Cheese,Kolkata,565
21,SKU004_Bakery,Mumbai,680
21,SKU004_Bakery,Kolkata,730
21,SKU005_Frozen,Mumbai,624
21,SKU005_Frozen,Kolkata,714
22,SKU001_Snacks,Mumbai,620
22,SKU001_Snacks,Kolkata,740
22,SKU002_Beverages,Mumbai,649
22,SKU002_Beverages,Kolkata,552
22,SKU003_Cheese,Mumbai,399
22,SKU003_Cheese,Kolkata,430
22,SKU004_Bakery,Mumbai,609
22,SKU004_Bakery,Kolkata,613
22,SKU005_Frozen,Mumbai,492
22,SKU005_Frozen,Kolkata,566
23,SKU001_Snacks,Mumbai,698
23,SKU001_Snacks,Kolkata,687
23,SKU002_Beverages,Mumbai,470
23,SKU002_Beverages,Kolkata,468
23,SKU003_Cheese,Mumbai,407
23,SKU003_Cheese,Kolkata,343
23,SKU004_Bakery,Mumbai,574
23,SKU004_Bakery,Kolkata,522
23,SKU005_Frozen,Mumbai,401
23,SKU005_Frozen,Kolkata,417
24,SKU001_Snacks,Mumbai,1289
24,SKU001_Snacks,Kolkata,1039
24,SKU002_Beverages,Mumbai,864
24,SKU002_Beverages,Kolkata,938
24,SKU003_Cheese,Mumbai,439
24,SKU003_Cheese,Kolkata,639
24,SKU004_Bakery,Mumbai,891
24,SKU004_Bakery,Kolkata,995
24,SKU005_Frozen,Mumbai,777
24,SKU005_Frozen,Kolkata,766
25,SKU001_Snacks,Mumbai,639
25,SKU001_Snacks,Kolkata,682
25,SKU002_Beverages,Mumbai,656
25,SKU002_Beverages,Kolkata,661
25,SKU003_Cheese,Mumbai,388
25,SKU003_Cheese,Kolkata,450
25,SKU004_Bakery,Mumbai,725
25,SKU004_Bakery,Kolkata,665
25,SKU005_Frozen,Mumbai,521
25,SKU005_Frozen,Kolkata,459
26,SKU001_Snacks,Mumbai,674
26,SKU001_Snacks,Kolkata,584
26,SKU002_Beverages,Mumbai,473
26,SKU002_Beverages,Kolkata,513
26,SKU003_Cheese,Mumbai,400
26,SKU003_Cheese,Kolkata,340
26,SKU004_Bakery,Mumbai,572
26,SKU004_Bakery,Kolkata,578
26,SKU005_Frozen,Mumbai,482
26,SKU005_Frozen,Kolkata,400
27,SKU001_Snacks,Mumbai,554
27,SKU001_Snacks,Kolkata,489
27,SKU002_Beverages,Mumbai,417
27,SKU002_Beverages,Kolkata,417
27,SKU003_Cheese,Mumbai,391
27,SKU003_Cheese,Kolkata,280
27,SKU004_Bakery,Mumbai,438
27,SKU004_Bakery,Kolkata,480
27,SKU005_Frozen,Mumbai,390
27,SKU005_Frozen,Kolkata,391
28,SKU001_Snacks,Mumbai,654
28,SKU001_Snacks,Kolkata,558
28,SKU002_Beverages,Mumbai,417
28,SKU002_Beverages,Kolkata,512
28,SKU003_Cheese,Mumbai,455
28,SKU003_Cheese,Kolkata,421
28,SKU004_Bakery,Mumbai,489
28,SKU004_Bakery,Kolkata,491
28,SKU005_Frozen,Mumbai,330
28,SKU005_Frozen,Kolkata,374
29,SKU001_Snacks,Mumbai,519
29,SKU001_Snacks,Kolkata,625
29,SKU002_Beverages,Mumbai,540
29,SKU002_Beverages,Kolkata,581
29,SKU003_Cheese,Mumbai,351
29,SKU003_Cheese,Kolkata,403
29,SKU004_Bakery,Mumbai,607
29,SKU004_Bakery,Kolkata,578
29,SKU005_Frozen,Mumbai,409
29,SKU005_Frozen,Kolkata,455
30,SKU001_Snacks,Mumbai,493
30,SKU001_Snacks,Kolkata,507
30,SKU002_Beverages,Mumbai,497
30,SKU002_Beverages,Kolkata,369
30,SKU003_Cheese,Mumbai,375
30,SKU003_Cheese,Kolkata,304
30,SKU004_Bakery,Mumbai,440
30,SKU004_Bakery,Kolkata,537
30,SKU005_Frozen,Mumbai,417
30,SKU005_Frozen,Kolkata,440
31,SKU001_Snacks,Mumbai,477
31,SKU001_Snacks,Kolkata,467
31,SKU002_Beverages,Mumbai,348
31,SKU002_Beverages,Kolkata,396
31,SKU003_Cheese,Mumbai,359
31,SKU003_Cheese,Kolkata,344
31,SKU004_Bakery,Mumbai,363
31,SKU004_Bakery,Kolkata,418
31,SKU005_Frozen,Mumbai,322
31,SKU005_Frozen,Kolkata,313
32,SKU001_Snacks,Mumbai,925
32,SKU001_Snacks,Kolkata,866
32,SKU002_Beverages,Mumbai,575
32,SKU002_Beverages,Kolkata,464
32,SKU003_Cheese,Mumbai,367
32,SKU003_Cheese,Kolkata,512
32,SKU004_Bakery,Mumbai,582
32,SKU004_Bakery,Kolkata,944
32,SKU005_Frozen,Mumbai,474
32,SKU005_Frozen,Kolkata,561
33,SKU001_Snacks,Mumbai,455
33,SKU001_Snacks,Kolkata,546
33,SKU002_Beverages,Mumbai,443
33,SKU002_Beverages,Kolkata,379
33,SKU003_Cheese,Mumbai,334
33,SKU003_Cheese,Kolkata,314
33,SKU004_Bakery,Mumbai,572
33,SKU004_Bakery,Kolkata,384
33,SKU005_Frozen,Mumbai,487
33,SKU005_Frozen,Kolkata,424
34,SKU001_Snacks,Mumbai,444
34,SKU001_Snacks,Kolkata,468
34,SKU002_Beverages,Mumbai,312
34,SKU002_Beverages,Kolkata,325
34,SKU003_Cheese,Mumbai,302
34,SKU003_Cheese,Kolkata,392
34,SKU004_Bakery,Mumbai,404
34,SKU004_Bakery,Kolkata,491
34,SKU005_Frozen,Mumbai,380
34,SKU005_Frozen,Kolkata,318
35,SKU001_Snacks,Mumbai,365
35,SKU001_Snacks,Kolkata,329
35,SKU002_Beverages,Mumbai,341
35,SKU002_Beverages,Kolkata,312
35,SKU003_Cheese,Mumbai,268
35,SKU003_Cheese,Kolkata,264
35,SKU004_Bakery,Mumbai,313
35,SKU004_Bakery,Kolkata,347
35,SKU005_Frozen,Mumbai,214
35,SKU005_Frozen,Kolkata,378
36,SKU001_Snacks,Mumbai,438
36,SKU001_Snacks,Kolkata,410
36,SKU002_Beverages,Mumbai,286
36,SKU002_Beverages,Kolkata,310
36,SKU003_Cheese,Mumbai,344
36,SKU003_Cheese,Kolkata,259
36,SKU004_Bakery,Mumbai,373
36,SKU004_Bakery,Kolkata,431
36,SKU005_Frozen,Mumbai,297
36,SKU005_Frozen,Kolkata,422
37,SKU001_Snacks,Mumbai,514
37,SKU001_Snacks,Kolkata,538
37,SKU002_Beverages,Mumbai,389
37,SKU002_Beverages,Kolkata,329
37,SKU003_Cheese,Mumbai,257
37,SKU003_Cheese,Kolkata,279
37,SKU004_Bakery,Mumbai,369
37,SKU004_Bakery,Kolkata,444
37,SKU005_Frozen,Mumbai,274
37,SKU005_Frozen,Kolkata,437
38,SKU001_Snacks,Mumbai,484
38,SKU001_Snacks,Kolkata,396
38,SKU002_Beverages,Mumbai,282
38,SKU002_Beverages,Kolkata,329
38,SKU003_Cheese,Mumbai,296
38,SKU003_Cheese,Kolkata,256
38,SKU004_Bakery,Mumbai,337
38,SKU004_Bakery,Kolkata,352
38,SKU005_Frozen,Mumbai,295
38,SKU005_Frozen,Kolkata,298
39,SKU001_Snacks,Mumbai,335
39,SKU001_Snacks,Kolkata,372
39,SKU002_Beverages,Mumbai,327
39,SKU002_Beverages,Kolkata,343
39,SKU003_Cheese,Mumbai,232
39,SKU003_Cheese,Kolkata,214
39,SKU004_Bakery,Mumbai,265
39,SKU004_Bakery,Kolkata,372
39,SKU005_Frozen,Mumbai,266
39,SKU005_Frozen,Kolkata,286
40,SKU001_Snacks,Mumbai,604
40,SKU001_Snacks,Kolkata,809
40,SKU002_Beverages,Mumbai,565
40,SKU002_Beverages,Kolkata,479
40,SKU003_Cheese,Mumbai,343
40,SKU003_Cheese,Kolkata,477
40,SKU004_Bakery,Mumbai,518
40,SKU004_Bakery,Kolkata,612
40,SKU005_Frozen,Mumbai,363
40,SKU005_Frozen,Kolkata,684
41,SKU001_Snacks,Mumbai,523
41,SKU001_Snacks,Kolkata,545
41,SKU002_Beverages,Mumbai,464
41,SKU002_Beverages,Kolkata,403
41,SKU003_Cheese,Mumbai,326
41,SKU003_Cheese,Kolkata,293
41,SKU004_Bakery,Mumbai,541
41,SKU004_Bakery,Kolkata,432
41,SKU005_Frozen,Mumbai,297
41,SKU005_Frozen,Kolkata,389
42,SKU001_Snacks,Mumbai,369
42,SKU001_Snacks,Kolkata,429
42,SKU002_Beverages,Mumbai,350
42,SKU002_Beverages,Kolkata,371
42,SKU003_Cheese,Mumbai,357
42,SKU003_Cheese,Kolkata,292
42,SKU004_Bakery,Mumbai,514
42,SKU004_Bakery,Kolkata,309
42,SKU005_Frozen,Mumbai,412
42,SKU005_Frozen,Kolkata,341
43,SKU001_Snacks,Mumbai,341
43,SKU001_Snacks,Kolkata,362
43,SKU002_Beverages,Mumbai,302
43,SKU002_Beverages,Kolkata,359
43,SKU003_Cheese,Mumbai,276
43,SKU003_Cheese,Kolkata,356
43,SKU004_Bakery,Mumbai,338
43,SKU004_Bakery,Kolkata,408
43,SKU005_Frozen,Mumbai,283
43,SKU005_Frozen,Kolkata,298
44,SKU001_Snacks,Mumbai,437
44,SKU001_Snacks,Kolkata,379
44,SKU002_Beverages,Mumbai,366
44,SKU002_Beverages,Kolkata,363
44,SKU003_Cheese,Mumbai,257
44,SKU003_Cheese,Kolkata,359
44,SKU004_Bakery,Mumbai,432
44,SKU004_Bakery,Kolkata,352
44,SKU005_Frozen,Mumbai,386
44,SKU005_Frozen,Kolkata,328
45,SKU001_Snacks,Mumbai,575
45,SKU001_Snacks,Kolkata,462
45,SKU002_Beverages,Mumbai,505
45,SKU002_Beverages,Kolkata,455
45,SKU003_Cheese,Mumbai,359
45,SKU003_Cheese,Kolkata,319
45,SKU004_Bakery,Mumbai,378
45,SKU004_Bakery,Kolkata,481
45,SKU005_Frozen,Mumbai,353
45,SKU005_Frozen,Kolkata,330
46,SKU001_Snacks,Mumbai,402
46,SKU001_Snacks,Kolkata,543
46,SKU002_Beverages,Mumbai,335
46,SKU002_Beverages,Kolkata,394
46,SKU003_Cheese,Mumbai,321
46,SKU003_Cheese,Kolkata,379
46,SKU004_Bakery,Mumbai,433
46,SKU004_Bakery,Kolkata,465
46,SKU005_Frozen,Mumbai,342
46,SKU005_Frozen,Kolkata,345
47,SKU001_Snacks,Mumbai,381
47,SKU001_Snacks,Kolkata,398
47,SKU002_Beverages,Mumbai,394
47,SKU002_Beverages,Kolkata,373
47,SKU003_Cheese,Mumbai,356
47,SKU003_Cheese,Kolkata,268
47,SKU004_Bakery,Mumbai,474
47,SKU004_Bakery,Kolkata,339
47,SKU005_Frozen,Mumbai,346
47,SKU005_Frozen,Kolkata,274
48,SKU001_Snacks,Mumbai,602
48,SKU001_Snacks,Kolkata,702
48,SKU002_Beverages,Mumbai,567
48,SKU002_Beverages,Kolkata,785
48,SKU003_Cheese,Mumbai,595
48,SKU003_Cheese,Kolkata,650
48,SKU004_Bakery,Mumbai,625
48,SKU004_Bakery,Kolkata,640
48,SKU005_Frozen,Mumbai,737
48,SKU005_Frozen,Kolkata,556
49,SKU001_Snacks,Mumbai,528
49,SKU001_Snacks,Kolkata,520
49,SKU002_Beverages,Mumbai,392
49,SKU002_Beverages,Kolkata,525
49,SKU003_Cheese,Mumbai,442
49,SKU003_Cheese,Kolkata,395
49,SKU004_Bakery,Mumbai,411
49,SKU004_Bakery,Kolkata,641
49,SKU005_Frozen,Mumbai,373
49,SKU005_Frozen,Kolkata,454
50,SKU001_Snacks,Mumbai,518
50,SKU001_Snacks,Kolkata,540
50,SKU002_Beverages,Mumbai,514
50,SKU002_Beverages,Kolkata,569
50,SKU003_Cheese,Mumbai,421
50,SKU003_Cheese,Kolkata,424
50,SKU004_Bakery,Mumbai,434
50,SKU004_Bakery,Kolkata,518
50,SKU005_Frozen,Mumbai,502
50,SKU005_Frozen,Kolkata,460
51,SKU001_Snacks,Mumbai,610
51,SKU001_Snacks,Kolkata,551
51,SKU002_Beverages,Mumbai,452
51,SKU002_Beverages,Kolkata,444
51,SKU003_Cheese,Mumbai,339
51,SKU003_Cheese,Kolkata,400
51,SKU004_Bakery,Mumbai,474
51,SKU004_Bakery,Kolkata,563
51,SKU005_Frozen,Mumbai,425
51,SKU005_Frozen,Kolkata,390
52,SKU001_Snacks,Mumbai,574
52,SKU001_Snacks,Kolkata,535
52,SKU002_Beverages,Mumbai,589
52,SKU002_Beverages,Kolkata,486
52,SKU003_Cheese,Mumbai,407
52,SKU003_Cheese,Kolkata,349
52,SKU004_Bakery,Mumbai,683
52,SKU004_Bakery,Kolkata,476
52,SKU005_Frozen,Mumbai,473
52,SKU005_Frozen,Kolkata,522
53,SKU001_Snacks,Mumbai,591
53,SKU001_Snacks,Kolkata,773
53,SKU002_Beverages,Mumbai,551
53,SKU002_Beverages,Kolkata,534
53,SKU003_Cheese,Mumbai,437
53,SKU003_Cheese,Kolkata,505
53,SKU004_Bakery,Mumbai,659
53,SKU004_Bakery,Kolkata,599
53,SKU005_Frozen,Mumbai,554
53,SKU005_Frozen,Kolkata,483
54,SKU001_Snacks,Mumbai,718
54,SKU001_Snacks,Kolkata,643
54,SKU002_Beverages,Mumbai,523
54,SKU002_Beverages,Kolkata,554
54,SKU003_Cheese,Mumbai,453
54,SKU003_Cheese,Kolkata,522
54,SKU004_Bakery,Mumbai,600
54,SKU004_Bakery,Kolkata,597
54,SKU005_Frozen,Mumbai,447
54,SKU005_Frozen,Kolkata,487
55,SKU001_Snacks,Mumbai,593
55,SKU001_Snacks,Kolkata,736
55,SKU002_Beverages,Mumbai,451
55,SKU002_Beverages,Kolkata,467
55,SKU003_Cheese,Mumbai,419
55,SKU003_Cheese,Kolkata,484
55,SKU004_Bakery,Mumbai,633
55,SKU004_Bakery,Kolkata,491
55,SKU005_Frozen,Mumbai,493
55,SKU005_Frozen,Kolkata,387
56,SKU001_Snacks,Mumbai,997
56,SKU001_Snacks,Kolkata,1095
56,SKU002_Beverages,Mumbai,899
56,SKU002_Beverages,Kolkata,923
56,SKU003_Cheese,Mumbai,671
56,SKU003_Cheese,Kolkata,513
56,SKU004_Bakery,Mumbai,941
56,SKU004_Bakery,Kolkata,919
56,SKU005_Frozen,Mumbai,959
56,SKU005_Frozen,Kolkata,519
57,SKU001_Snacks,Mumbai,833
57,SKU001_Snacks,Kolkata,704
57,SKU002_Beverages,Mumbai,534
57,SKU002_Beverages,Kolkata,717
57,SKU003_Cheese,Mumbai,488
57,SKU003_Cheese,Kolkata,533
57,SKU004_Bakery,Mumbai,668
57,SKU004_Bakery,Kolkata,742
57,SKU005_Frozen,Mumbai,655
57,SKU005_Frozen,Kolkata,691
58,SKU001_Snacks,Mumbai,794
58,SKU001_Snacks,Kolkata,695
58,SKU002_Beverages,Mumbai,610
58,SKU002_Beverages,Kolkata,526
58,SKU003_Cheese,Mumbai,443
58,SKU003_Cheese,Kolkata,593
58,SKU004_Bakery,Mumbai,574
58,SKU004_Bakery,Kolkata,631
58,SKU005_Frozen,Mumbai,582
58,SKU005_Frozen,Kolkata,529
59,SKU001_Snacks,Mumbai,688
59,SKU001_Snacks,Kolkata,638
59,SKU002_Beverages,Mumbai,571
59,SKU002_Beverages,Kolkata,675
59,SKU003_Cheese,Mumbai,389
59,SKU003_Cheese,Kolkata,492
59,SKU004_Bakery,Mumbai,581
59,SKU004_Bakery,Kolkata,728
59,SKU005_Frozen,Mumbai,460
59,SKU005_Frozen,Kolkata,509
60,SKU001_Snacks,Mumbai,732
60,SKU001_Snacks,Kolkata,859
60,SKU002_Beverages,Mumbai,604
60,SKU002_Beverages,Kolkata,553
60,SKU003_Cheese,Mumbai,543
60,SKU003_Cheese,Kolkata,522
60,SKU004_Bakery,Mumbai,699
60,SKU004_Bakery,Kolkata,612
60,SKU005_Frozen,Mumbai,459
60,SKU005_Frozen,Kolkata,629
61,SKU001_Snacks,Mumbai,827
61,SKU001_Snacks,Kolkata,964
61,SKU002_Beverages,Mumbai,723
61,SKU002_Beverages,Kolkata,659
61,SKU003_Cheese,Mumbai,633
61,SKU003_Cheese,Kolkata,523
61,SKU004_Bakery,Mumbai,677
61,SKU004_Bakery,Kolkata,779
61,SKU005_Frozen,Mumbai,607
61,SKU005_Frozen,Kolkata,629
62,SKU001_Snacks,Mumbai,661
62,SKU001_Snacks,Kolkata,878
62,SKU002_Beverages,Mumbai,589
62,SKU002_Beverages,Kolkata,602
62,SKU003_Cheese,Mumbai,476
62,SKU003_Cheese,Kolkata,565
62,SKU004_Bakery,Mumbai,841
62,SKU004_Bakery,Kolkata,670
62,SKU005_Frozen,Mumbai,574
62,SKU005_Frozen,Kolkata,542
63,SKU001_Snacks,Mumbai,777
63,SKU001_Snacks,Kolkata,784
63,SKU002_Beverages,Mumbai,651
63,SKU002_Beverages,Kolkata,570
63,SKU003_Cheese,Mumbai,505
63,SKU003_Cheese,Kolkata,547
63,SKU004_Bakery,Mumbai,603
63,SKU004_Bakery,Kolkata,745
63,SKU005_Frozen,Mumbai,500
63,SKU005_Frozen,Kolkata,574
64,SKU001_Snacks,Mumbai,1127
64,SKU001_Snacks,Kolkata,813
64,SKU002_Beverages,Mumbai,1288
64,SKU002_Beverages,Kolkata,1035
64,SKU003_Cheese,Mumbai,886
64,SKU003_Cheese,Kolkata,667
64,SKU004_Bakery,Mumbai,684
64,SKU004_Bakery,Kolkata,1121
64,SKU005_Frozen,Mumbai,641
64,SKU005_Frozen,Kolkata,906
65,SKU001_Snacks,Mumbai,994
65,SKU001_Snacks,Kolkata,909
65,SKU002_Beverages,Mumbai,563
65,SKU002_Beverages,Kolkata,675
65,SKU003_Cheese,Mumbai,552
65,SKU003_Cheese,Kolkata,604
65,SKU004_Bakery,Mumbai,881
65,SKU004_Bakery,Kolkata,635
65,SKU005_Frozen,Mumbai,583
65,SKU005_Frozen,Kolkata,580
66,SKU001_Snacks,Mumbai,725
66,SKU001_Snacks,Kolkata,700
66,SKU002_Beverages,Mumbai,761
66,SKU002_Beverages,Kolkata,701
66,SKU003_Cheese,Mumbai,529
66,SKU003_Cheese,Kolkata,538
66,SKU004_Bakery,Mumbai,625
66,SKU004_Bakery,Kolkata,750
66,SKU005_Frozen,Mumbai,510
66,SKU005_Frozen,Kolkata,560
67,SKU001_Snacks,Mumbai,628
67,SKU001_Snacks,Kolkata,718
67,SKU002_Beverages,Mumbai,480
67,SKU002_Beverages,Kolkata,629
67,SKU003_Cheese,Mumbai,508
67,SKU003_Cheese,Kolkata,362
67,SKU004_Bakery,Mumbai,630
67,SKU004_Bakery,Kolkata,652
67,SKU005_Frozen,Mumbai,441
67,SKU005_Frozen,Kolkata,552
68,SKU001_Snacks,Mumbai,857
68,SKU001_Snacks,Kolkata,760
68,SKU002_Beverages,Mumbai,617
68,SKU002_Beverages,Kolkata,716
68,SKU003_Cheese,Mumbai,405
68,SKU003_Cheese,Kolkata,552
68,SKU004_Bakery,Mumbai,771
68,SKU004_Bakery,Kolkata,799
68,SKU005_Frozen,Mumbai,624
68,SKU005_Frozen,Kolkata,606
69,SKU001_Snacks,Mumbai,833
69,SKU001_Snacks,Kolkata,916
69,SKU002_Beverages,Mumbai,708
69,SKU002_Beverages,Kolkata,637
69,SKU003_Cheese,Mumbai,635
69,SKU003_Cheese,Kolkata,523
69,SKU004_Bakery,Mumbai,671
69,SKU004_Bakery,Kolkata,730
69,SKU005_Frozen,Mumbai,565
69,SKU005_Frozen,Kolkata,680
70,SKU001_Snacks,Mumbai,799
70,SKU001_Snacks,Kolkata,826
70,SKU002_Beverages,Mumbai,567
70,SKU002_Beverages,Kolkata,712
70,SKU003_Cheese,Mumbai,445
70,SKU003_Cheese,Kolkata,597
70,SKU004_Bakery,Mumbai,627
70,SKU004_Bakery,Kolkata,661
70,SKU005_Frozen,Mumbai,632
70,SKU005_Frozen,Kolkata,572
71,SKU001_Snacks,Mumbai,737
71,SKU001_Snacks,Kolkata,726
71,SKU002_Beverages,Mumbai,647
71,SKU002_Beverages,Kolkata,429
71,SKU003_Cheese,Mumbai,441
71,SKU003_Cheese,Kolkata,483
71,SKU004_Bakery,Mumbai,585
71,SKU004_Bakery,Kolkata,710
71,SKU005_Frozen,Mumbai,475
71,SKU005_Frozen,Kolkata,479
72,SKU001_Snacks,Mumbai,1114
72,SKU001_Snacks,Kolkata,1237
72,SKU002_Beverages,Mumbai,844
72,SKU002_Beverages,Kolkata,762
72,SKU003_Cheese,Mumbai,831
72,SKU003_Cheese,Kolkata,954
72,SKU004_Bakery,Mumbai,997
72,SKU004_Bakery,Kolkata,978
72,SKU005_Frozen,Mumbai,745
72,SKU005_Frozen,Kolkata,843
73,SKU001_Snacks,Mumbai,838
73,SKU001_Snacks,Kolkata,822
73,SKU002_Beverages,Mumbai,625
73,SKU002_Beverages,Kolkata,740
73,SKU003_Cheese,Mumbai,553
73,SKU003_Cheese,Kolkata,455
73,SKU004_Bakery,Mumbai,666
73,SKU004_Bakery,Kolkata,662
73,SKU005_Frozen,Mumbai,540
73,SKU005_Frozen,Kolkata,532
74,SKU001_Snacks,Mumbai,759
74,SKU001_Snacks,Kolkata,803
74,SKU002_Beverages,Mumbai,648
74,SKU002_Beverages,Kolkata,592
74,SKU003_Cheese,Mumbai,379
74,SKU003_Cheese,Kolkata,448
74,SKU004_Bakery,Mumbai,564
74,SKU004_Bakery,Kolkata,544
74,SKU005_Frozen,Mumbai,575
74,SKU005_Frozen,Kolkata,597
75,SKU001_Snacks,Mumbai,663
75,SKU001_Snacks,Kolkata,633
75,SKU002_Beverages,Mumbai,593
75,SKU002_Beverages,Kolkata,622
75,SKU003_Cheese,Mumbai,345
75,SKU003_Cheese,Kolkata,400
75,SKU004_Bakery,Mumbai,479
75,SKU004_Bakery,Kolkata,600
75,SKU005_Frozen,Mumbai,400
75,SKU005_Frozen,Kolkata,533
76,SKU001_Snacks,Mumbai,665
76,SKU001_Snacks,Kolkata,691
76,SKU002_Beverages,Mumbai,474
76,SKU002_Beverages,Kolkata,511
76,SKU003_Cheese,Mumbai,473
76,SKU003_Cheese,Kolkata,488
76,SKU004_Bakery,Mumbai,513
76,SKU004_Bakery,Kolkata,626
76,SKU005_Frozen,Mumbai,517
76,SKU005_Frozen,Kolkata,545
77,SKU001_Snacks,Mumbai,650
77,SKU001_Snacks,Kolkata,654
77,SKU002_Beverages,Mumbai,510
77,SKU002_Beverages,Kolkata,655
77,SKU003_Cheese,Mumbai,387
77,SKU003_Cheese,Kolkata,593
77,SKU004_Bakery,Mumbai,614
77,SKU004_Bakery,Kolkata,598
77,SKU005_Frozen,Mumbai,592
77,SKU005_Frozen,Kolkata,497
78,SKU001_Snacks,Mumbai,605
78,SKU001_Snacks,Kolkata,680
78,SKU002_Beverages,Mumbai,438
78,SKU002_Beverages,Kolkata,435
78,SKU003_Cheese,Mumbai,461
78,SKU003_Cheese,Kolkata,389
78,SKU004_Bakery,Mumbai,588
78,SKU004_Bakery,Kolkata,515
78,SKU005_Frozen,Mumbai,486
78,SKU005_Frozen,Kolkata,416
79,SKU001_Snacks,Mumbai,454
79,SKU001_Snacks,Kolkata,533
79,SKU002_Beverages,Mumbai,344
79,SKU002_Beverages,Kolkata,387
79,SKU003_Cheese,Mumbai,343
79,SKU003_Cheese,Kolkata,323
79,SKU004_Bakery,Mumbai,443
79,SKU004_Bakery,Kolkata,541
79,SKU005_Frozen,Mumbai,505
79,SKU005_Frozen,Kolkata,407
80,SKU001_Snacks,Mumbai,710
80,SKU001_Snacks,Kolkata,715
80,SKU002_Beverages,Mumbai,753
80,SKU002_Beverages,Kolkata,790
80,SKU003_Cheese,Mumbai,469
80,SKU003_Cheese,Kolkata,504
80,SKU004_Bakery,Mumbai,621
80,SKU004_Bakery,Kolkata,661
80,SKU005_Frozen,Mumbai,640
80,SKU005_Frozen,Kolkata,554
81,SKU001_Snacks,Mumbai,533
81,SKU001_Snacks,Kolkata,557
81,SKU002_Beverages,Mumbai,507
81,SKU002_Beverages,Kolkata,486
81,SKU003_Cheese,Mumbai,395
81,SKU003_Cheese,Kolkata,446
81,SKU004_Bakery,Mumbai,538
81,SKU004_Bakery,Kolkata,581
81,SKU005_Frozen,Mumbai,443
81,SKU005_Frozen,Kolkata,465
82,SKU001_Snacks,Mumbai,485
82,SKU001_Snacks,Kolkata,617
82,SKU002_Beverages,Mumbai,477
82,SKU002_Beverages,Kolkata,423
82,SKU003_Cheese,Mumbai,348
82,SKU003_Cheese,Kolkata,366
82,SKU004_Bakery,Mumbai,530
82,SKU004_Bakery,Kolkata,491
82,SKU005_Frozen,Mumbai,322
82,SKU005_Frozen,Kolkata,377
83,SKU001_Snacks,Mumbai,513
83,SKU001_Snacks,Kolkata,489
83,SKU002_Beverages,Mumbai,457
83,SKU002_Beverages,Kolkata,371
83,SKU003_Cheese,Mumbai,289
83,SKU003_Cheese,Kolkata,255
83,SKU004_Bakery,Mumbai,384
83,SKU004_Bakery,Kolkata,403
83,SKU005_Frozen,Mumbai,301
83,SKU005_Frozen,Kolkata,355
84,SKU001_Snacks,Mumbai,582
84,SKU001_Snacks,Kolkata,424
84,SKU002_Beverages,Mumbai,402
84,SKU002_Beverages,Kolkata,418
84,SKU003_Cheese,Mumbai,288
84,SKU003_Cheese,Kolkata,328
84,SKU004_Bakery,Mumbai,501
84,SKU004_Bakery,Kolkata,404
84,SKU005_Frozen,Mumbai,410
84,SKU005_Frozen,Kolkata,366
85,SKU001_Snacks,Mumbai,451
85,SKU001_Snacks,Kolkata,531
85,SKU002_Beverages,Mumbai,508
85,SKU002_Beverages,Kolkata,394
85,SKU003_Cheese,Mumbai,353
85,SKU003_Cheese,Kolkata,344
85,SKU004_Bakery,Mumbai,396
85,SKU004_Bakery,Kolkata,496
85,SKU005_Frozen,Mumbai,443
85,SKU005_Frozen,Kolkata,487
86,SKU001_Snacks,Mumbai,478
86,SKU001_Snacks,Kolkata,554
86,SKU002_Beverages,Mumbai,393
86,SKU002_Beverages,Kolkata,400
86,SKU003_Cheese,Mumbai,318
86,SKU003_Cheese,Kolkata,310
86,SKU004_Bakery,Mumbai,452
86,SKU004_Bakery,Kolkata,390
86,SKU005_Frozen,Mumbai,294
86,SKU005_Frozen,Kolkata,318
87,SKU001_Snacks,Mumbai,349
87,SKU001_Snacks,Kolkata,431
87,SKU002_Beverages,Mumbai,355
87,SKU002_Beverages,Kolkata,330
87,SKU003_Cheese,Mumbai,237
87,SKU003_Cheese,Kolkata,351
87,SKU004_Bakery,Mumbai,290
87,SKU004_Bakery,Kolkata,287
87,SKU005_Frozen,Mumbai,248
87,SKU005_Frozen,Kolkata,233
88,SKU001_Snacks,Mumbai,632
88,SKU001_Snacks,Kolkata,696
88,SKU002_Beverages,Mumbai,562
88,SKU002_Beverages,Kolkata,355
88,SKU003_Cheese,Mumbai,465
88,SKU003_Cheese,Kolkata,406
88,SKU004_Bakery,Mumbai,622
88,SKU004_Bakery,Kolkata,592
88,SKU005_Frozen,Mumbai,411
88,SKU005_Frozen,Kolkata,471
89,SKU001_Snacks,Mumbai,509
89,SKU001_Snacks,Kolkata,494
89,SKU002_Beverages,Mumbai,350
89,SKU002_Beverages,Kolkata,487
89,SKU003_Cheese,Mumbai,289
89,SKU003_Cheese,Kolkata,352
89,SKU004_Bakery,Mumbai,469
89,SKU004_Bakery,Kolkata,483
89,SKU005_Frozen,Mumbai,438
89,SKU005_Frozen,Kolkata,345
90,SKU001_Snacks,Mumbai,405
90,SKU001_Snacks,Kolkata,418
90,SKU002_Beverages,Mumbai,358
90,SKU002_Beverages,Kolkata,339
90,SKU003_Cheese,Mumbai,269
90,SKU003_Cheese,Kolkata,247
90,SKU004_Bakery,Mumbai,436
90,SKU004_Bakery,Kolkata,465
90,SKU005_Frozen,Mumbai,281
90,SKU005_Frozen,Kolkata,323
91,SKU001_Snacks,Mumbai,393
91,SKU001_Snacks,Kolkata,457
91,SKU002_Beverages,Mumbai,329
91,SKU002_Beverages,Kolkata,299
91,SKU003_Cheese,Mumbai,309
91,SKU003_Cheese,Kolkata,269
91,SKU004_Bakery,Mumbai,394
91,SKU004_Bakery,Kolkata,373
91,SKU005_Frozen,Mumbai,299
91,SKU005_Frozen,Kolkata,314
92,SKU001_Snacks,Mumbai,383
92,SKU001_Snacks,Kolkata,438
92,SKU002_Beverages,Mumbai,361
92,SKU002_Beverages,Kolkata,339
92,SKU003_Cheese,Mumbai,331
92,SKU003_Cheese,Kolkata,281
92,SKU004_Bakery,Mumbai,434
92,SKU004_Bakery,Kolkata,391
92,SKU005_Frozen,Mumbai,354
92,SKU005_Frozen,Kolkata,375
93,SKU001_Snacks,Mumbai,430
93,SKU001_Snacks,Kolkata,420
93,SKU002_Beverages,Mumbai,374
93,SKU002_Beverages,Kolkata,364
93,SKU003_Cheese,Mumbai,249
93,SKU003_Cheese,Kolkata,258
93,SKU004_Bakery,Mumbai,392
93,SKU004_Bakery,Kolkata,436
93,SKU005_Frozen,Mumbai,353
93,SKU005_Frozen,Kolkata,320
94,SKU001_Snacks,Mumbai,438
94,SKU001_Snacks,Kolkata,514
94,SKU002_Beverages,Mumbai,354
94,SKU002_Beverages,Kolkata,399
94,SKU003_Cheese,Mumbai,277
94,SKU003_Cheese,Kolkata,379
94,SKU004_Bakery,Mumbai,437
94,SKU004_Bakery,Kolkata,427
94,SKU005_Frozen,Mumbai,369
94,SKU005_Frozen,Kolkata,279
95,SKU001_Snacks,Mumbai,437
95,SKU001_Snacks,Kolkata,478
95,SKU002_Beverages,Mumbai,353
95,SKU002_Beverages,Kolkata,383
95,SKU003_Cheese,Mumbai,275
95,SKU003_Cheese,Kolkata,329
95,SKU004_Bakery,Mumbai,321
95,SKU004_Bakery,Kolkata,403
95,SKU005_Frozen,Mumbai,209
95,SKU005_Frozen,Kolkata,266
96,SKU001_Snacks,Mumbai,853
96,SKU001_Snacks,Kolkata,456
96,SKU002_Beverages,Mumbai,371
96,SKU002_Beverages,Kolkata,626
96,SKU003_Cheese,Mumbai,482
96,SKU003_Cheese,Kolkata,493
96,SKU004_Bakery,Mumbai,487
96,SKU004_Bakery,Kolkata,514
96,SKU005_Frozen,Mumbai,594
96,SKU005_Frozen,Kolkata,382
97,SKU001_Snacks,Mumbai,571
97,SKU001_Snacks,Kolkata,551
97,SKU002_Beverages,Mumbai,352
97,SKU002_Beverages,Kolkata,470
97,SKU003_Cheese,Mumbai,313
97,SKU003_Cheese,Kolkata,366
97,SKU004_Bakery,Mumbai,529
97,SKU004_Bakery,Kolkata,438
97,SKU005_Frozen,Mumbai,434
97,SKU005_Frozen,Kolkata,435
98,SKU001_Snacks,Mumbai,450
98,SKU001_Snacks,Kolkata,501
98,SKU002_Beverages,Mumbai,416
98,SKU002_Beverages,Kolkata,465
98,SKU003_Cheese,Mumbai,269
98,SKU003_Cheese,Kolkata,320
98,SKU004_Bakery,Mumbai,490
98,SKU004_Bakery,Kolkata,355
98,SKU005_Frozen,Mumbai,395
98,SKU005_Frozen,Kolkata,365
99,SKU001_Snacks,Mumbai,418
99,SKU001_Snacks,Kolkata,433
99,SKU002_Beverages,Mumbai,411
99,SKU002_Beverages,Kolkata,415
99,SKU003_Cheese,Mumbai,291
99,SKU003_Cheese,Kolkata,281
99,SKU004_Bakery,Mumbai,394
99,SKU004_Bakery,Kolkata,504
99,SKU005_Frozen,Mumbai,280
99,SKU005_Frozen,Kolkata,308
100,SKU001_Snacks,Mumbai,468
100,SKU001_Snacks,Kolkata,435
100,SKU002_Beverages,Mumbai,520
100,SKU002_Beverages,Kolkata,357
100,SKU003_Cheese,Mumbai,398
100,SKU003_Cheese,Kolkata,418
100,SKU004_Bakery,Mumbai,428
100,SKU004_Bakery,Kolkata,507
100,SKU005_Frozen,Mumbai,311
100,SKU005_Frozen,Kolkata,380
101,SKU001_Snacks,Mumbai,571
101,SKU001_Snacks,Kolkata,589
101,SKU002_Beverages,Mumbai,500
101,SKU002_Beverages,Kolkata,610
101,SKU003_Cheese,Mumbai,390
101,SKU003_Cheese,Kolkata,384
101,SKU004_Bakery,Mumbai,632
101,SKU004_Bakery,Kolkata,542
101,SKU005_Frozen,Mumbai,562
101,SKU005_Frozen,Kolkata,578
102,SKU001_Snacks,Mumbai,543
102,SKU001_Snacks,Kolkata,529
102,SKU002_Beverages,Mumbai,529
102,SKU002_Beverages,Kolkata,482
102,SKU003_Cheese,Mumbai,346
102,SKU003_Cheese,Kolkata,466
102,SKU004_Bakery,Mumbai,490
102,SKU004_Bakery,Kolkata,485
102,SKU005_Frozen,Mumbai,446
102,SKU005_Frozen,Kolkata,433
103,SKU001_Snacks,Mumbai,438
103,SKU001_Snacks,Kolkata,540
103,SKU002_Beverages,Mumbai,367
103,SKU002_Beverages,Kolkata,476
103,SKU003_Cheese,Mumbai,341
103,SKU003_Cheese,Kolkata,327
103,SKU004_Bakery,Mumbai,470
103,SKU004_Bakery,Kolkata,545
103,SKU005_Frozen,Mumbai,377
103,SKU005_Frozen,Kolkata,429
104,SKU001_Snacks,Mumbai,619
104,SKU001_Snacks,Kolkata,658
104,SKU002_Beverages,Mumbai,497
104,SKU002_Beverages,Kolkata,539
104,SKU003_Cheese,Mumbai,422
104,SKU003_Cheese,Kolkata,363
104,SKU004_Bakery,Mumbai,558
104,SKU004_Bakery,Kolkata,579
104,SKU005_Frozen,Mumbai,521
104,SKU005_Frozen,Kolkata,384
