week,sku,dc,forecast_qty,festival_flag
1,SKU001_Snacks,Mumbai,695,0
1,SKU001_Snacks,Kolkata,730,0
1,SKU002_Beverages,Mumbai,592,0
1,SKU002_Beverages,Kolkata,569,0
1,SKU003_Cheese,Mumbai,484,0
1,SKU003_Cheese,Kolkata,482,0
1,SKU004_Bakery,Mumbai,646,0
1,SKU004_Bakery,Kolkata,594,0
1,SKU005_Frozen,Mumbai,481,0
1,SKU005_Frozen,Kolkata,494,0
2,SKU001_Snacks,Mumbai,673,0
2,SKU001_Snacks,Kolkata,668,0
2,SKU002_Beverages,Mumbai,562,0
2,SKU002_Beverages,Kolkata,530,0
2,SKU003_Cheese,Mumbai,462,0
2,SKU003_Cheese,Kolkata,424,0
2,SKU004_Bakery,Mumbai,616,0
2,SKU004_Bakery,Kolkata,559,0
2,SKU005_Frozen,Mumbai,476,0
2,SKU005_Frozen,Kolkata,499,0
3,SKU001_Snacks,Mumbai,617,0
3,SKU001_Snacks,Kolkata,575,0
3,SKU002_Beverages,Mumbai,525,0
3,SKU002_Beverages,Kolkata,518,0
3,SKU003_Cheese,Mumbai,429,0
3,SKU003_Cheese,Kolkata,387,0
3,SKU004_Bakery,Mumbai,508,0
3,SKU004_Bakery,Kolkata,536,0
3,SKU005_Frozen,Mumbai,497,0
3,SKU005_Frozen,Kolkata,481,0
4,SKU001_Snacks,Mumbai,708,0
4,SKU001_Snacks,Kolkata,664,0
4,SKU002_Beverages,Mumbai,585,0
4,SKU002_Beverages,Kolkata,602,0
4,SKU003_Cheese,Mumbai,452,0
4,SKU003_Cheese,Kolkata,496,0
4,SKU004_Bakery,Mumbai,621,0
4,SKU004_Bakery,Kolkata,656,0
4,SKU005_Frozen,Mumbai,503,0
4,SKU005_Frozen,Kolkata,494,0
5,SKU001_Snacks,Mumbai,820,0
5,SKU001_Snacks,Kolkata,725,0
5,SKU002_Beverages,Mumbai,658,0
5,SKU002_Beverages,Kolkata,680,0
5,SKU003_Cheese,Mumbai,532,0
5,SKU003_Cheese,Kolkata,545,0
5,SKU004_Bakery,Mumbai,658,0
5,SKU004_Bakery,Kolkata,705,0
5,SKU005_Frozen,Mumbai,606,0
5,SKU005_Frozen,Kolkata,602,0
6,SKU001_Snacks,Mumbai,689,0
6,SKU001_Snacks,Kolkata,752,0
6,SKU002_Beverages,Mumbai,591,0
6,SKU002_Beverages,Kolkata,588,0
6,SKU003_Cheese,Mumbai,453,0
6,SKU003_Cheese,Kolkata,454,0
6,SKU004_Bakery,Mumbai,666,0
6,SKU004_Bakery,Kolkata,647,0
6,SKU005_Frozen,Mumbai,575,0
6,SKU005_Frozen,Kolkata,549,0
7,SKU001_Snacks,Mumbai,658,0
7,SKU001_Snacks,Kolkata,632,0
7,SKU002_Beverages,Mumbai,587,0
7,SKU002_Beverages,Kolkata,518,0
7,SKU003_Cheese,Mumbai,414,0
7,SKU003_Cheese,Kolkata,424,0
7,SKU004_Bakery,Mumbai,598,0
7,SKU004_Bakery,Kolkata,645,0
7,SKU005_Frozen,Mumbai,488,0
7,SKU005_Frozen,Kolkata,448,0
8,SKU001_Snacks,Mumbai,1071,1
8,SKU001_Snacks,Kolkata,1149,1
8,SKU002_Beverages,Mumbai,848,1
8,SKU002_Beverages,Kolkata,862,1
8,SKU003_Cheese,Mumbai,678,1
8,SKU003_Cheese,Kolkata,673,1
8,SKU004_Bakery,Mumbai,1085,1
8,SKU004_Bakery,Kolkata,967,1
8,SKU005_Frozen,Mumbai,785,1
8,SKU005_Frozen,Kolkata,834,1
9,SKU001_Snacks,Mumbai,863,0
9,SKU001_Snacks,Kolkata,866,0
9,SKU002_Beverages,Mumbai,656,0
9,SKU002_Beverages,Kolkata,670,0
9,SKU003_Cheese,Mumbai,585,0
9,SKU003_Cheese,Kolkata,550,0
9,SKU004_Bakery,Mumbai,790,0
9,SKU004_Bakery,Kolkata,791,0
9,SKU005_Frozen,Mumbai,609,0
9,SKU005_Frozen,Kolkata,639,0
10,SKU001_Snacks,Mumbai,752,0
10,SKU001_Snacks,Kolkata,760,0
10,SKU002_Beverages,Mumbai,675,0
10,SKU002_Beverages,Kolkata,633,0
10,SKU003_Cheese,Mumbai,494,0
10,SKU003_Cheese,Kolkata,464,0
10,SKU004_Bakery,Mumbai,726,0
10,SKU004_Bakery,Kolkata,718,0
10,SKU005_Frozen,Mumbai,592,0
10,SKU005_Frozen,Kolkata,582,0
11,SKU001_Snacks,Mumbai,694,0
11,SKU001_Snacks,Kolkata,701,0
11,SKU002_Beverages,Mumbai,617,0
11,SKU002_Beverages,Kolkata,586,0
11,SKU003_Cheese,Mumbai,468,0
11,SKU003_Cheese,Kolkata,431,0
11,SKU004_Bakery,Mumbai,660,0
11,SKU004_Bakery,Kolkata,671,0
11,SKU005_Frozen,Mumbai,499,0
11,SKU005_Frozen,Kolkata,558,0
12,SKU001_Snacks,Mumbai,810,0
12,SKU001_Snacks,Kolkata,760,0
12,SKU002_Beverages,Mumbai,626,0
12,SKU002_Beverages,Kolkata,643,0
12,SKU003_Cheese,Mumbai,486,0
12,SKU003_Cheese,Kolkata,538,0
12,SKU004_Bakery,Mumbai,723,0
12,SKU004_Bakery,Kolkata,686,0
12,SKU005_Frozen,Mumbai,576,0
12,SKU005_Frozen,Kolkata,598,0
13,SKU001_Snacks,Mumbai,885,0
13,SKU001_Snacks,Kolkata,877,0
13,SKU002_Beverages,Mumbai,757,0
13,SKU002_Beverages,Kolkata,748,0
13,SKU003_Cheese,Mumbai,533,0
13,SKU003_Cheese,Kolkata,612,0
13,SKU004_Bakery,Mumbai,776,0
13,SKU004_Bakery,Kolkata,815,0
13,SKU005_Frozen,Mumbai,679,0
13,SKU005_Frozen,Kolkata,612,0
14,SKU001_Snacks,Mumbai,786,0
14,SKU001_Snacks,Kolkata,775,0
14,SKU002_Beverages,Mumbai,621,0
14,SKU002_Beverages,Kolkata,683,0
14,SKU003_Cheese,Mumbai,476,0
14,SKU003_Cheese,Kolkata,548,0
14,SKU004_Bakery,Mumbai,698,0
14,SKU004_Bakery,Kolkata,693,0
14,SKU005_Frozen,Mumbai,627,0
14,SKU005_Frozen,Kolkata,555,0
15,SKU001_Snacks,Mumbai,692,0
15,SKU001_Snacks,Kolkata,686,0
15,SKU002_Beverages,Mumbai,600,0
15,SKU002_Beverages,Kolkata,583,0
15,SKU003_Cheese,Mumbai,417,0
15,SKU003_Cheese,Kolkata,507,0
15,SKU004_Bakery,Mumbai,622,0
15,SKU004_Bakery,Kolkata,672,0
15,SKU005_Frozen,Mumbai,535,0
15,SKU005_Frozen,Kolkata,565,0
16,SKU001_Snacks,Mumbai,1082,1
16,SKU001_Snacks,Kolkata,1121,1
16,SKU002_Beverages,Mumbai,901,1
16,SKU002_Beverages,Kolkata,950,1
16,SKU003_Cheese,Mumbai,773,1
16,SKU003_Cheese,Kolkata,692,1
16,SKU004_Bakery,Mumbai,971,1
16,SKU004_Bakery,Kolkata,1118,1
16,SKU005_Frozen,Mumbai,883,1
16,SKU005_Frozen,Kolkata,801,1
17,SKU001_Snacks,Mumbai,812,0
17,SKU001_Snacks,Kolkata,869,0
17,SKU002_Beverages,Mumbai,659,0
17,SKU002_Beverages,Kolkata,658,0
17,SKU003_Cheese,Mumbai,606,0
17,SKU003_Cheese,Kolkata,519,0
17,SKU004_Bakery,Mumbai,806,0
17,SKU004_Bakery,Kolkata,747,0
17,SKU005_Frozen,Mumbai,638,0
17,SKU005_Frozen,Kolkata,614,0
18,SKU001_Snacks,Mumbai,753,0
18,SKU001_Snacks,Kolkata,750,0
18,SKU002_Beverages,Mumbai,616,0
18,SKU002_Beverages,Kolkata,669,0
18,SKU003_Cheese,Mumbai,536,0
18,SKU003_Cheese,Kolkata,504,0
18,SKU004_Bakery,Mumbai,644,0
18,SKU004_Bakery,Kolkata,692,0
18,SKU005_Frozen,Mumbai,512,0
18,SKU005_Frozen,Kolkata,578,0
19,SKU001_Snacks,Mumbai,680,0
19,SKU001_Snacks,Kolkata,660,0
19,SKU002_Beverages,Mumbai,505,0
19,SKU002_Beverages,Kolkata,572,0
19,SKU003_Cheese,Mumbai,487,0
19,SKU003_Cheese,Kolkata,490,0
19,SKU004_Bakery,Mumbai,632,0
19,SKU004_Bakery,Kolkata,557,0
19,SKU005_Frozen,Mumbai,533,0
19,SKU005_Frozen,Kolkata,521,0
20,SKU001_Snacks,Mumbai,690,0
20,SKU001_Snacks,Kolkata,733,0
20,SKU002_Beverages,Mumbai,560,0
20,SKU002_Beverages,Kolkata,588,0
20,SKU003_Cheese,Mumbai,452,0
20,SKU003_Cheese,Kolkata,472,0
20,SKU004_Bakery,Mumbai,680,0
20,SKU004_Bakery,Kolkata,659,0
20,SKU005_Frozen,Mumbai,562,0
20,SKU005_Frozen,Kolkata,496,0
21,SKU001_Snacks,Mumbai,740,0
21,SKU001_Snacks,Kolkata,767,0
21,SKU002_Beverages,Mumbai,652,0
21,SKU002_Beverages,Kolkata,668,0
21,SKU003_Cheese,Mumbai,475,0
21,SKU003_Cheese,Kolkata,514,0
21,SKU004_Bakery,Mumbai,716,0
21,SKU004_Bakery,Kolkata,680,0
21,SKU005_Frozen,Mumbai,551,0
21,SKU005_Frozen,Kolkata,621,0
22,SKU001_Snacks,Mumbai,636,0
22,SKU001_Snacks,Kolkata,691,0
22,SKU002_Beverages,Mumbai,612,0
22,SKU002_Beverages,Kolkata,577,0
22,SKU003_Cheese,Mumbai,460,0
22,SKU003_Cheese,Kolkata,410,0
22,SKU004_Bakery,Mumbai,605,0
22,SKU004_Bakery,Kolkata,586,0
22,SKU005_Frozen,Mumbai,521,0
22,SKU005_Frozen,Kolkata,481,0
23,SKU001_Snacks,Mumbai,632,0
23,SKU001_Snacks,Kolkata,628,0
23,SKU002_Beverages,Mumbai,457,0
23,SKU002_Beverages,Kolkata,518,0
23,SKU003_Cheese,Mumbai,402,0
23,SKU003_Cheese,Kolkata,400,0
23,SKU004_Bakery,Mumbai,560,0
23,SKU004_Bakery,Kolkata,526,0
23,SKU005_Frozen,Mumbai,466,0
23,SKU005_Frozen,Kolkata,398,0
24,SKU001_Snacks,Mumbai,1002,1
24,SKU001_Snacks,Kolkata,865,1
24,SKU002_Beverages,Mumbai,831,1
24,SKU002_Beverages,Kolkata,816,1
24,SKU003_Cheese,Mumbai,628,1
24,SKU003_Cheese,Kolkata,598,1
24,SKU004_Bakery,Mumbai,859,1
24,SKU004_Bakery,Kolkata,807,1
24,SKU005_Frozen,Mumbai,662,1
24,SKU005_Frozen,Kolkata,742,1
25,SKU001_Snacks,Mumbai,685,0
25,SKU001_Snacks,Kolkata,673,0
25,SKU002_Beverages,Mumbai,582,0
25,SKU002_Beverages,Kolkata,588,0
25,SKU003_Cheese,Mumbai,439,0
25,SKU003_Cheese,Kolkata,488,0
25,SKU004_Bakery,Mumbai,671,0
25,SKU004_Bakery,Kolkata,626,0
25,SKU005_Frozen,Mumbai,541,0
25,SKU005_Frozen,Kolkata,494,0
26,SKU001_Snacks,Mumbai,611,0
26,SKU001_Snacks,Kolkata,569,0
26,SKU002_Beverages,Mumbai,520,0
26,SKU002_Beverages,Kolkata,450,0
26,SKU003_Cheese,Mumbai,362,0
26,SKU003_Cheese,Kolkata,373,0
26,SKU004_Bakery,Mumbai,573,0
26,SKU004_Bakery,Kolkata,595,0
26,SKU005_Frozen,Mumbai,444,0
26,SKU005_Frozen,Kolkata,420,0
27,SKU001_Snacks,Mumbai,544,0
27,SKU001_Snacks,Kolkata,525,0
27,SKU002_Beverages,Mumbai,477,0
27,SKU002_Beverages,Kolkata,460,0
27,SKU003_Cheese,Mumbai,351,0
27,SKU003_Cheese,Kolkata,306,0
27,SKU004_Bakery,Mumbai,450,0
27,SKU004_Bakery,Kolkata,487,0
27,SKU005_Frozen,Mumbai,412,0
27,SKU005_Frozen,Kolkata,376,0
28,SKU001_Snacks,Mumbai,581,0
28,SKU001_Snacks,Kolkata,571,0
28,SKU002_Beverages,Mumbai,438,0
28,SKU002_Beverages,Kolkata,472,0
28,SKU003_Cheese,Mumbai,394,0
28,SKU003_Cheese,Kolkata,382,0
28,SKU004_Bakery,Mumbai,524,0
28,SKU004_Bakery,Kolkata,555,0
28,SKU005_Frozen,Mumbai,375,0
28,SKU005_Frozen,Kolkata,399,0
29,SKU001_Snacks,Mumbai,559,0
29,SKU001_Snacks,Kolkata,561,0
29,SKU002_Beverages,Mumbai,513,0
29,SKU002_Beverages,Kolkata,532,0
29,SKU003_Cheese,Mumbai,344,0
29,SKU003_Cheese,Kolkata,413,0
29,SKU004_Bakery,Mumbai,535,0
29,SKU004_Bakery,Kolkata,502,0
29,SKU005_Frozen,Mumbai,408,0
29,SKU005_Frozen,Kolkata,485,0
30,SKU001_Snacks,Mumbai,480,0
30,SKU001_Snacks,Kolkata,533,0
30,SKU002_Beverages,Mumbai,474,0
30,SKU002_Beverages,Kolkata,381,0
30,SKU003_Cheese,Mumbai,370,0
30,SKU003_Cheese,Kolkata,345,0
30,SKU004_Bakery,Mumbai,481,0
30,SKU004_Bakery,Kolkata,473,0
30,SKU005_Frozen,Mumbai,424,0
30,SKU005_Frozen,Kolkata,428,0
31,SKU001_Snacks,Mumbai,444,0
31,SKU001_Snacks,Kolkata,492,0
31,SKU002_Beverages,Mumbai,331,0
31,SKU002_Beverages,Kolkata,358,0
31,SKU003_Cheese,Mumbai,343,0
31,SKU003_Cheese,Kolkata,302,0
31,SKU004_Bakery,Mumbai,399,0
31,SKU004_Bakery,Kolkata,415,0
31,SKU005_Frozen,Mumbai,296,0
31,SKU005_Frozen,Kolkata,344,0
32,SKU001_Snacks,Mumbai,683,1
32,SKU001_Snacks,Kolkata,742,1
32,SKU002_Beverages,Mumbai,622,1
32,SKU002_Beverages,Kolkata,557,1
32,SKU003_Cheese,Mumbai,460,1
32,SKU003_Cheese,Kolkata,514,1
32,SKU004_Bakery,Mumbai,706,1
32,SKU004_Bakery,Kolkata,715,1
32,SKU005_Frozen,Mumbai,488,1
32,SKU005_Frozen,Kolkata,508,1
33,SKU001_Snacks,Mumbai,519,0
33,SKU001_Snacks,Kolkata,464,0
33,SKU002_Beverages,Mumbai,400,0
33,SKU002_Beverages,Kolkata,409,0
33,SKU003_Cheese,Mumbai,340,0
33,SKU003_Cheese,Kolkata,304,0
33,SKU004_Bakery,Mumbai,498,0
33,SKU004_Bakery,Kolkata,439,0
33,SKU005_Frozen,Mumbai,427,0
33,SKU005_Frozen,Kolkata,371,0
34,SKU001_Snacks,Mumbai,418,0
34,SKU001_Snacks,Kolkata,429,0
34,SKU002_Beverages,Mumbai,352,0
34,SKU002_Beverages,Kolkata,366,0
34,SKU003_Cheese,Mumbai,345,0
34,SKU003_Cheese,Kolkata,343,0
34,SKU004_Bakery,Mumbai,389,0
34,SKU004_Bakery,Kolkata,449,0
34,SKU005_Frozen,Mumbai,386,0
34,SKU005_Frozen,Kolkata,303,0
35,SKU001_Snacks,Mumbai,361,0
35,SKU001_Snacks,Kolkata,362,0
35,SKU002_Beverages,Mumbai,359,0
35,SKU002_Beverages,Kolkata,343,0
35,SKU003_Cheese,Mumbai,247,0
35,SKU003_Cheese,Kolkata,237,0
35,SKU004_Bakery,Mumbai,325,0
35,SKU004_Bakery,Kolkata,363,0
35,SKU005_Frozen,Mumbai,251,0
35,SKU005_Frozen,Kolkata,341,0
36,SKU001_Snacks,Mumbai,452,0
36,SKU001_Snacks,Kolkata,391,0
36,SKU002_Beverages,Mumbai,325,0
36,SKU002_Beverages,Kolkata,324,0
36,SKU003_Cheese,Mumbai,315,0
36,SKU003_Cheese,Kolkata,269,0
36,SKU004_Bakery,Mumbai,348,0
36,SKU004_Bakery,Kolkata,407,0
36,SKU005_Frozen,Mumbai,317,0
36,SKU005_Frozen,Kolkata,365,0
37,SKU001_Snacks,Mumbai,494,0
37,SKU001_Snacks,Kolkata,481,0
37,SKU002_Beverages,Mumbai,429,0
37,SKU002_Beverages,Kolkata,372,0
37,SKU003_Cheese,Mumbai,313,0
37,SKU003_Cheese,Kolkata,306,0
37,SKU004_Bakery,Mumbai,428,0
37,SKU004_Bakery,Kolkata,427,0
37,SKU005_Frozen,Mumbai,322,0
37,SKU005_Frozen,Kolkata,378,0
38,SKU001_Snacks,Mumbai,457,0
38,SKU001_Snacks,Kolkata,419,0
38,SKU002_Beverages,Mumbai,304,0
38,SKU002_Beverages,Kolkata,314,0
38,SKU003_Cheese,Mumbai,312,0
38,SKU003_Cheese,Kolkata,232,0
38,SKU004_Bakery,Mumbai,356,0
38,SKU004_Bakery,Kolkata,344,0
38,SKU005_Frozen,Mumbai,339,0
38,SKU005_Frozen,Kolkata,271,0
39,SKU001_Snacks,Mumbai,383,0
39,SKU001_Snacks,Kolkata,397,0
39,SKU002_Beverages,Mumbai,290,0
39,SKU002_Beverages,Kolkata,341,0
39,SKU003_Cheese,Mumbai,271,0
39,SKU003_Cheese,Kolkata,226,0
39,SKU004_Bakery,Mumbai,300,0
39,SKU004_Bakery,Kolkata,327,0
39,SKU005_Frozen,Mumbai,245,0
39,SKU005_Frozen,Kolkata,273,0
40,SKU001_Snacks,Mumbai,585,1
40,SKU001_Snacks,Kolkata,616,1
40,SKU002_Beverages,Mumbai,542,1
40,SKU002_Beverages,Kolkata,506,1
40,SKU003_Cheese,Mumbai,355,1
40,SKU003_Cheese,Kolkata,459,1
40,SKU004_Bakery,Mumbai,611,1
40,SKU004_Bakery,Kolkata,537,1
40,SKU005_Frozen,Mumbai,471,1
40,SKU005_Frozen,Kolkata,530,1
41,SKU001_Snacks,Mumbai,495,0
41,SKU001_Snacks,Kolkata,493,0
41,SKU002_Beverages,Mumbai,400,0
41,SKU002_Beverages,Kolkata,420,0
41,SKU003_Cheese,Mumbai,284,0
41,SKU003_Cheese,Kolkata,271,0
41,SKU004_Bakery,Mumbai,464,0
41,SKU004_Bakery,Kolkata,416,0
41,SKU005_Frozen,Mumbai,335,0
41,SKU005_Frozen,Kolkata,341,0
42,SKU001_Snacks,Mumbai,395,0
42,SKU001_Snacks,Kolkata,410,0
42,SKU002_Beverages,Mumbai,367,0
42,SKU002_Beverages,Kolkata,327,0
42,SKU003_Cheese,Mumbai,307,0
42,SKU003_Cheese,Kolkata,334,0
42,SKU004_Bakery,Mumbai,432,0
42,SKU004_Bakery,Kolkata,358,0
42,SKU005_Frozen,Mumbai,359,0
42,SKU005_Frozen,Kolkata,329,0
43,SKU001_Snacks,Mumbai,373,0
43,SKU001_Snacks,Kolkata,377,0
43,SKU002_Beverages,Mumbai,308,0
43,SKU002_Beverages,Kolkata,349,0
43,SKU003_Cheese,Mumbai,276,0
43,SKU003_Cheese,Kolkata,308,0
43,SKU004_Bakery,Mumbai,330,0
43,SKU004_Bakery,Kolkata,376,0
43,SKU005_Frozen,Mumbai,257,0
43,SKU005_Frozen,Kolkata,293,0
44,SKU001_Snacks,Mumbai,479,0
44,SKU001_Snacks,Kolkata,428,0
44,SKU002_Beverages,Mumbai,374,0
44,SKU002_Beverages,Kolkata,381,0
44,SKU003_Cheese,Mumbai,298,0
44,SKU003_Cheese,Kolkata,328,0
44,SKU004_Bakery,Mumbai,392,0
44,SKU004_Bakery,Kolkata,377,0
44,SKU005_Frozen,Mumbai,356,0
44,SKU005_Frozen,Kolkata,305,0
45,SKU001_Snacks,Mumbai,536,0
45,SKU001_Snacks,Kolkata,493,0
45,SKU002_Beverages,Mumbai,438,0
45,SKU002_Beverages,Kolkata,431,0
45,SKU003_Cheese,Mumbai,340,0
45,SKU003_Cheese,Kolkata,344,0
45,SKU004_Bakery,Mumbai,422,0
45,SKU004_Bakery,Kolkata,465,0
45,SKU005_Frozen,Mumbai,415,0
45,SKU005_Frozen,Kolkata,376,0
46,SKU001_Snacks,Mumbai,441,0
46,SKU001_Snacks,Kolkata,477,0
46,SKU002_Beverages,Mumbai,400,0
46,SKU002_Beverages,Kolkata,405,0
46,SKU003_Cheese,Mumbai,363,0
46,SKU003_Cheese,Kolkata,351,0
46,SKU004_Bakery,Mumbai,469,0
46,SKU004_Bakery,Kolkata,489,0
46,SKU005_Frozen,Mumbai,331,0
46,SKU005_Frozen,Kolkata,311,0
47,SKU001_Snacks,Mumbai,430,0
47,SKU001_Snacks,Kolkata,442,0
47,SKU002_Beverages,Mumbai,360,0
47,SKU002_Beverages,Kolkata,382,0
47,SKU003_Cheese,Mumbai,327,0
47,SKU003_Cheese,Kolkata,299,0
47,SKU004_Bakery,Mumbai,448,0
47,SKU004_Bakery,Kolkata,362,0
47,SKU005_Frozen,Mumbai,333,0
47,SKU005_Frozen,Kolkata,302,0
48,SKU001_Snacks,Mumbai,701,1
48,SKU001_Snacks,Kolkata,755,1
48,SKU002_Beverages,Mumbai,633,1
48,SKU002_Beverages,Kolkata,657,1
48,SKU003_Cheese,Mumbai,550,1
48,SKU003_Cheese,Kolkata,564,1
48,SKU004_Bakery,Mumbai,631,1
48,SKU004_Bakery,Kolkata,742,1
48,SKU005_Frozen,Mumbai,607,1
48,SKU005_Frozen,Kolkata,510,1
49,SKU001_Snacks,Mumbai,600,0
49,SKU001_Snacks,Kolkata,589,0
49,SKU002_Beverages,Mumbai,458,0
49,SKU002_Beverages,Kolkata,522,0
49,SKU003_Cheese,Mumbai,393,0
49,SKU003_Cheese,Kolkata,378,0
49,SKU004_Bakery,Mumbai,495,0
49,SKU004_Bakery,Kolkata,567,0
49,SKU005_Frozen,Mumbai,400,0
49,SKU005_Frozen,Kolkata,416,0
50,SKU001_Snacks,Mumbai,519,0
50,SKU001_Snacks,Kolkata,544,0
50,SKU002_Beverages,Mumbai,489,0
50,SKU002_Beverages,Kolkata,498,0
50,SKU003_Cheese,Mumbai,378,0
50,SKU003_Cheese,Kolkata,404,0
50,SKU004_Bakery,Mumbai,498,0
50,SKU004_Bakery,Kolkata,532,0
50,SKU005_Frozen,Mumbai,444,0
50,SKU005_Frozen,Kolkata,433,0
51,SKU001_Snacks,Mumbai,569,0
51,SKU001_Snacks,Kolkata,550,0
51,SKU002_Beverages,Mumbai,449,0
51,SKU002_Beverages,Kolkata,481,0
51,SKU003_Cheese,Mumbai,331,0
51,SKU003_Cheese,Kolkata,353,0
51,SKU004_Bakery,Mumbai,472,0
51,SKU004_Bakery,Kolkata,510,0
51,SKU005_Frozen,Mumbai,427,0
51,SKU005_Frozen,Kolkata,410,0
52,SKU001_Snacks,Mumbai,634,0
52,SKU001_Snacks,Kolkata,558,0
52,SKU002_Beverages,Mumbai,535,0
52,SKU002_Beverages,Kolkata,516,0
52,SKU003_Cheese,Mumbai,376,0
52,SKU003_Cheese,Kolkata,374,0
52,SKU004_Bakery,Mumbai,584,0
52,SKU004_Bakery,Kolkata,522,0
52,SKU005_Frozen,Mumbai,409,0
52,SKU005_Frozen,Kolkata,463,0
53,SKU001_Snacks,Mumbai,644,0
53,SKU001_Snacks,Kolkata,689,0
53,SKU002_Beverages,Mumbai,612,0
53,SKU002_Beverages,Kolkata,531,0
53,SKU003_Cheese,Mumbai,434,0
53,SKU003_Cheese,Kolkata,498,0
53,SKU004_Bakery,Mumbai,643,0
53,SKU004_Bakery,Kolkata,601,0
53,SKU005_Frozen,Mumbai,560,0
53,SKU005_Frozen,Kolkata,546,0
54,SKU001_Snacks,Mumbai,686,0
54,SKU001_Snacks,Kolkata,672,0
54,SKU002_Beverages,Mumbai,562,0
54,SKU002_Beverages,Kolkata,559,0
54,SKU003_Cheese,Mumbai,477,0
54,SKU003_Cheese,Kolkata,436,0
54,SKU004_Bakery,Mumbai,574,0
54,SKU004_Bakery,Kolkata,608,0
54,SKU005_Frozen,Mumbai,437,0
54,SKU005_Frozen,Kolkata,509,0
55,SKU001_Snacks,Mumbai,605,0
55,SKU001_Snacks,Kolkata,646,0
55,SKU002_Beverages,Mumbai,466,0
55,SKU002_Beverages,Kolkata,457,0
55,SKU003_Cheese,Mumbai,386,0
55,SKU003_Cheese,Kolkata,418,0
55,SKU004_Bakery,Mumbai,573,0
55,SKU004_Bakery,Kolkata,530,0
55,SKU005_Frozen,Mumbai,495,0
55,SKU005_Frozen,Kolkata,449,0
56,SKU001_Snacks,Mumbai,984,1
56,SKU001_Snacks,Kolkata,1039,1
56,SKU002_Beverages,Mumbai,898,1
56,SKU002_Beverages,Kolkata,875,1
56,SKU003_Cheese,Mumbai,644,1
56,SKU003_Cheese,Kolkata,614,1
56,SKU004_Bakery,Mumbai,827,1
56,SKU004_Bakery,Kolkata,843,1
56,SKU005_Frozen,Mumbai,756,1
56,SKU005_Frozen,Kolkata,693,1
57,SKU001_Snacks,Mumbai,747,0
57,SKU001_Snacks,Kolkata,782,0
57,SKU002_Beverages,Mumbai,612,0
57,SKU002_Beverages,Kolkata,692,0
57,SKU003_Cheese,Mumbai,487,0
57,SKU003_Cheese,Kolkata,478,0
57,SKU004_Bakery,Mumbai,751,0
57,SKU004_Bakery,Kolkata,722,0
57,SKU005_Frozen,Mumbai,616,0
57,SKU005_Frozen,Kolkata,608,0
58,SKU001_Snacks,Mumbai,691,0
58,SKU001_Snacks,Kolkata,728,0
58,SKU002_Beverages,Mumbai,625,0
58,SKU002_Beverages,Kolkata,558,0
58,SKU003_Cheese,Mumbai,433,0
58,SKU003_Cheese,Kolkata,510,0
58,SKU004_Bakery,Mumbai,653,0
58,SKU004_Bakery,Kolkata,654,0
58,SKU005_Frozen,Mumbai,578,0
58,SKU005_Frozen,Kolkata,547,0
59,SKU001_Snacks,Mumbai,677,0
59,SKU001_Snacks,Kolkata,640,0
59,SKU002_Beverages,Mumbai,551,0
59,SKU002_Beverages,Kolkata,575,0
59,SKU003_Cheese,Mumbai,472,0
59,SKU003_Cheese,Kolkata,478,0
59,SKU004_Bakery,Mumbai,596,0
59,SKU004_Bakery,Kolkata,635,0
59,SKU005_Frozen,Mumbai,523,0
59,SKU005_Frozen,Kolkata,467,0
60,SKU001_Snacks,Mumbai,776,0
60,SKU001_Snacks,Kolkata,746,0
60,SKU002_Beverages,Mumbai,627,0
60,SKU002_Beverages,Kolkata,598,0
60,SKU003_Cheese,Mumbai,479,0
60,SKU003_Cheese,Kolkata,461,0
60,SKU004_Bakery,Mumbai,717,0
60,SKU004_Bakery,Kolkata,703,0
60,SKU005_Frozen,Mumbai,526,0
60,SKU005_Frozen,Kolkata,552,0
61,SKU001_Snacks,Mumbai,875,0
61,SKU001_Snacks,Kolkata,846,0
61,SKU002_Beverages,Mumbai,689,0
61,SKU002_Beverages,Kolkata,665,0
61,SKU003_Cheese,Mumbai,598,0
61,SKU003_Cheese,Kolkata,592,0
61,SKU004_Bakery,Mumbai,747,0
61,SKU004_Bakery,Kolkata,726,0
61,SKU005_Frozen,Mumbai,671,0
61,SKU005_Frozen,Kolkata,602,0
62,SKU001_Snacks,Mumbai,754,0
62,SKU001_Snacks,Kolkata,766,0
62,SKU002_Beverages,Mumbai,662,0
62,SKU002_Beverages,Kolkata,679,0
62,SKU003_Cheese,Mumbai,462,0
62,SKU003_Cheese,Kolkata,559,0
62,SKU004_Bakery,Mumbai,725,0
62,SKU004_Bakery,Kolkata,740,0
62,SKU005_Frozen,Mumbai,551,0
62,SKU005_Frozen,Kolkata,583,0
63,SKU001_Snacks,Mumbai,715,0
63,SKU001_Snacks,Kolkata,697,0
63,SKU002_Beverages,Mumbai,597,0
63,SKU002_Beverages,Kolkata,601,0
63,SKU003_Cheese,Mumbai,478,0
63,SKU003_Cheese,Kolkata,481,0
63,SKU004_Bakery,Mumbai,643,0
63,SKU004_Bakery,Kolkata,686,0
63,SKU005_Frozen,Mumbai,499,0
63,SKU005_Frozen,Kolkata,513,0
64,SKU001_Snacks,Mumbai,1151,1
64,SKU001_Snacks,Kolkata,1080,1
64,SKU002_Beverages,Mumbai,999,1
64,SKU002_Beverages,Kolkata,957,1
64,SKU003_Cheese,Mumbai,777,1
64,SKU003_Cheese,Kolkata,763,1
64,SKU004_Bakery,Mumbai,954,1
64,SKU004_Bakery,Kolkata,990,1
64,SKU005_Frozen,Mumbai,765,1
64,SKU005_Frozen,Kolkata,855,1
65,SKU001_Snacks,Mumbai,905,0
65,SKU001_Snacks,Kolkata,873,0
65,SKU002_Beverages,Mumbai,684,0
65,SKU002_Beverages,Kolkata,754,0
65,SKU003_Cheese,Mumbai,621,0
65,SKU003_Cheese,Kolkata,576,0
65,SKU004_Bakery,Mumbai,792,0
65,SKU004_Bakery,Kolkata,744,0
65,SKU005_Frozen,Mumbai,652,0
65,SKU005_Frozen,Kolkata,638,0
66,SKU001_Snacks,Mumbai,736,0
66,SKU001_Snacks,Kolkata,743,0
66,SKU002_Beverages,Mumbai,680,0
66,SKU002_Beverages,Kolkata,634,0
66,SKU003_Cheese,Mumbai,568,0
66,SKU003_Cheese,Kolkata,524,0
66,SKU004_Bakery,Mumbai,665,0
66,SKU004_Bakery,Kolkata,737,0
66,SKU005_Frozen,Mumbai,579,0
66,SKU005_Frozen,Kolkata,543,0
67,SKU001_Snacks,Mumbai,658,0
67,SKU001_Snacks,Kolkata,703,0
67,SKU002_Beverages,Mumbai,558,0
67,SKU002_Beverages,Kolkata,577,0
67,SKU003_Cheese,Mumbai,494,0
67,SKU003_Cheese,Kolkata,415,0
67,SKU004_Bakery,Mumbai,630,0
67,SKU004_Bakery,Kolkata,635,0
67,SKU005_Frozen,Mumbai,491,0
67,SKU005_Frozen,Kolkata,481,0
68,SKU001_Snacks,Mumbai,756,0
68,SKU001_Snacks,Kolkata,739,0
68,SKU002_Beverages,Mumbai,620,0
68,SKU002_Beverages,Kolkata,660,0
68,SKU003_Cheese,Mumbai,472,0
68,SKU003_Cheese,Kolkata,550,0
68,SKU004_Bakery,Mumbai,656,0
68,SKU004_Bakery,Kolkata,682,0
68,SKU005_Frozen,Mumbai,604,0
68,SKU005_Frozen,Kolkata,537,0
69,SKU001_Snacks,Mumbai,881,0
69,SKU001_Snacks,Kolkata,864,0
69,SKU002_Beverages,Mumbai,679,0
69,SKU002_Beverages,Kolkata,692,0
69,SKU003_Cheese,Mumbai,581,0
69,SKU003_Cheese,Kolkata,508,0
69,SKU004_Bakery,Mumbai,727,0
69,SKU004_Bakery,Kolkata,761,0
69,SKU005_Frozen,Mumbai,658,0
69,SKU005_Frozen,Kolkata,619,0
70,SKU001_Snacks,Mumbai,743,0
70,SKU001_Snacks,Kolkata,707,0
70,SKU002_Beverages,Mumbai,589,0
70,SKU002_Beverages,Kolkata,644,0
70,SKU003_Cheese,Mumbai,492,0
70,SKU003_Cheese,Kolkata,540,0
70,SKU004_Bakery,Mumbai,684,0
70,SKU004_Bakery,Kolkata,696,0
70,SKU005_Frozen,Mumbai,582,0
70,SKU005_Frozen,Kolkata,518,0
71,SKU001_Snacks,Mumbai,659,0
71,SKU001_Snacks,Kolkata,668,0
71,SKU002_Beverages,Mumbai,588,0
71,SKU002_Beverages,Kolkata,502,0
71,SKU003_Cheese,Mumbai,435,0
71,SKU003_Cheese,Kolkata,449,0
71,SKU004_Bakery,Mumbai,613,0
71,SKU004_Bakery,Kolkata,642,0
71,SKU005_Frozen,Mumbai,476,0
71,SKU005_Frozen,Kolkata,496,0
72,SKU001_Snacks,Mumbai,1053,1
72,SKU001_Snacks,Kolkata,1066,1
72,SKU002_Beverages,Mumbai,844,1
72,SKU002_Beverages,Kolkata,942,1
72,SKU003_Cheese,Mumbai,752,1
72,SKU003_Cheese,Kolkata,726,1
72,SKU004_Bakery,Mumbai,946,1
72,SKU004_Bakery,Kolkata,926,1
72,SKU005_Frozen,Mumbai,831,1
72,SKU005_Frozen,Kolkata,709,1
73,SKU001_Snacks,Mumbai,820,0
73,SKU001_Snacks,Kolkata,814,0
73,SKU002_Beverages,Mumbai,678,0
73,SKU002_Beverages,Kolkata,664,0
73,SKU003_Cheese,Mumbai,517,0
73,SKU003_Cheese,Kolkata,475,0
73,SKU004_Bakery,Mumbai,702,0
73,SKU004_Bakery,Kolkata,710,0
73,SKU005_Frozen,Mumbai,587,0
73,SKU005_Frozen,Kolkata,564,0
74,SKU001_Snacks,Mumbai,649,0
74,SKU001_Snacks,Kolkata,702,0
74,SKU002_Beverages,Mumbai,613,0
74,SKU002_Beverages,Kolkata,556,0
74,SKU003_Cheese,Mumbai,419,0
74,SKU003_Cheese,Kolkata,424,0
74,SKU004_Bakery,Mumbai,585,0
74,SKU004_Bakery,Kolkata,589,0
74,SKU005_Frozen,Mumbai,519,0
74,SKU005_Frozen,Kolkata,518,0
75,SKU001_Snacks,Mumbai,646,0
75,SKU001_Snacks,Kolkata,589,0
75,SKU002_Beverages,Mumbai,509,0
75,SKU002_Beverages,Kolkata,543,0
75,SKU003_Cheese,Mumbai,349,0
75,SKU003_Cheese,Kolkata,444,0
75,SKU004_Bakery,Mumbai,537,0
75,SKU004_Bakery,Kolkata,582,0
75,SKU005_Frozen,Mumbai,469,0
75,SKU005_Frozen,Kolkata,486,0
76,SKU001_Snacks,Mumbai,616,0
76,SKU001_Snacks,Kolkata,605,0
76,SKU002_Beverages,Mumbai,531,0
76,SKU002_Beverages,Kolkata,528,0
76,SKU003_Cheese,Mumbai,441,0
76,SKU003_Cheese,Kolkata,417,0
76,SKU004_Bakery,Mumbai,546,0
76,SKU004_Bakery,Kolkata,578,0
76,SKU005_Frozen,Mumbai,480,0
76,SKU005_Frozen,Kolkata,470,0
77,SKU001_Snacks,Mumbai,638,0
77,SKU001_Snacks,Kolkata,724,0
77,SKU002_Beverages,Mumbai,563,0
77,SKU002_Beverages,Kolkata,587,0
77,SKU003_Cheese,Mumbai,457,0
77,SKU003_Cheese,Kolkata,497,0
77,SKU004_Bakery,Mumbai,646,0
77,SKU004_Bakery,Kolkata,616,0
77,SKU005_Frozen,Mumbai,559,0
77,SKU005_Frozen,Kolkata,503,0
78,SKU001_Snacks,Mumbai,628,0
78,SKU001_Snacks,Kolkata,620,0
78,SKU002_Beverages,Mumbai,490,0
78,SKU002_Beverages,Kolkata,472,0
78,SKU003_Cheese,Mumbai,405,0
78,SKU003_Cheese,Kolkata,412,0
78,SKU004_Bakery,Mumbai,543,0
78,SKU004_Bakery,Kolkata,536,0
78,SKU005_Frozen,Mumbai,452,0
78,SKU005_Frozen,Kolkata,417,0
79,SKU001_Snacks,Mumbai,499,0
79,SKU001_Snacks,Kolkata,543,0
79,SKU002_Beverages,Mumbai,409,0
79,SKU002_Beverages,Kolkata,425,0
79,SKU003_Cheese,Mumbai,349,0
79,SKU003_Cheese,Kolkata,348,0
79,SKU004_Bakery,Mumbai,481,0
79,SKU004_Bakery,Kolkata,466,0
79,SKU005_Frozen,Mumbai,436,0
79,SKU005_Frozen,Kolkata,421,0
80,SKU001_Snacks,Mumbai,826,1
80,SKU001_Snacks,Kolkata,876,1
80,SKU002_Beverages,Mumbai,652,1
80,SKU002_Beverages,Kolkata,726,1
80,SKU003_Cheese,Mumbai,548,1
80,SKU003_Cheese,Kolkata,597,1
80,SKU004_Bakery,Mumbai,808,1
80,SKU004_Bakery,Kolkata,675,1
80,SKU005_Frozen,Mumbai,577,1
80,SKU005_Frozen,Kolkata,636,1
81,SKU001_Snacks,Mumbai,591,0
81,SKU001_Snacks,Kolkata,592,0
81,SKU002_Beverages,Mumbai,532,0
81,SKU002_Beverages,Kolkata,453,0
81,SKU003_Cheese,Mumbai,381,0
81,SKU003_Cheese,Kolkata,400,0
81,SKU004_Bakery,Mumbai,527,0
81,SKU004_Bakery,Kolkata,513,0
81,SKU005_Frozen,Mumbai,486,0
81,SKU005_Frozen,Kolkata,405,0
82,SKU001_Snacks,Mumbai,559,0
82,SKU001_Snacks,Kolkata,552,0
82,SKU002_Beverages,Mumbai,435,0
82,SKU002_Beverages,Kolkata,451,0
82,SKU003_Cheese,Mumbai,370,0
82,SKU003_Cheese,Kolkata,333,0
82,SKU004_Bakery,Mumbai,482,0
82,SKU004_Bakery,Kolkata,454,0
82,SKU005_Frozen,Mumbai,392,0
82,SKU005_Frozen,Kolkata,383,0
83,SKU001_Snacks,Mumbai,479,0
83,SKU001_Snacks,Kolkata,426,0
83,SKU002_Beverages,Mumbai,396,0
83,SKU002_Beverages,Kolkata,344,0
83,SKU003_Cheese,Mumbai,310,0
83,SKU003_Cheese,Kolkata,290,0
83,SKU004_Bakery,Mumbai,455,0
83,SKU004_Bakery,Kolkata,404,0
83,SKU005_Frozen,Mumbai,348,0
83,SKU005_Frozen,Kolkata,309,0
84,SKU001_Snacks,Mumbai,529,0
84,SKU001_Snacks,Kolkata,435,0
84,SKU002_Beverages,Mumbai,364,0
84,SKU002_Beverages,Kolkata,406,0
84,SKU003_Cheese,Mumbai,299,0
84,SKU003_Cheese,Kolkata,279,0
84,SKU004_Bakery,Mumbai,479,0
84,SKU004_Bakery,Kolkata,438,0
84,SKU005_Frozen,Mumbai,375,0
84,SKU005_Frozen,Kolkata,346,0
85,SKU001_Snacks,Mumbai,493,0
85,SKU001_Snacks,Kolkata,462,0
85,SKU002_Beverages,Mumbai,459,0
85,SKU002_Beverages,Kolkata,422,0
85,SKU003_Cheese,Mumbai,347,0
85,SKU003_Cheese,Kolkata,379,0
85,SKU004_Bakery,Mumbai,449,0
85,SKU004_Bakery,Kolkata,456,0
85,SKU005_Frozen,Mumbai,415,0
85,SKU005_Frozen,Kolkata,415,0
86,SKU001_Snacks,Mumbai,439,0
86,SKU001_Snacks,Kolkata,485,0
86,SKU002_Beverages,Mumbai,400,0
86,SKU002_Beverages,Kolkata,382,0
86,SKU003_Cheese,Mumbai,314,0
86,SKU003_Cheese,Kolkata,339,0
86,SKU004_Bakery,Mumbai,391,0
86,SKU004_Bakery,Kolkata,419,0
86,SKU005_Frozen,Mumbai,295,0
86,SKU005_Frozen,Kolkata,297,0
87,SKU001_Snacks,Mumbai,371,0
87,SKU001_Snacks,Kolkata,393,0
87,SKU002_Beverages,Mumbai,350,0
87,SKU002_Beverages,Kolkata,291,0
87,SKU003_Cheese,Mumbai,220,0
87,SKU003_Cheese,Kolkata,301,0
87,SKU004_Bakery,Mumbai,317,0
87,SKU004_Bakery,Kolkata,328,0
87,SKU005_Frozen,Mumbai,266,0
87,SKU005_Frozen,Kolkata,263,0
88,SKU001_Snacks,Mumbai,597,1
88,SKU001_Snacks,Kolkata,624,1
88,SKU002_Beverages,Mumbai,544,1
88,SKU002_Beverages,Kolkata,489,1
88,SKU003_Cheese,Mumbai,383,1
88,SKU003_Cheese,Kolkata,357,1
88,SKU004_Bakery,Mumbai,573,1
88,SKU004_Bakery,Kolkata,570,1
88,SKU005_Frozen,Mumbai,407,1
88,SKU005_Frozen,Kolkata,466,1
89,SKU001_Snacks,Mumbai,480,0
89,SKU001_Snacks,Kolkata,504,0
89,SKU002_Beverages,Mumbai,342,0
89,SKU002_Beverages,Kolkata,408,0
89,SKU003_Cheese,Mumbai,320,0
89,SKU003_Cheese,Kolkata,350,0
89,SKU004_Bakery,Mumbai,467,0
89,SKU004_Bakery,Kolkata,437,0
89,SKU005_Frozen,Mumbai,397,0
89,SKU005_Frozen,Kolkata,337,0
90,SKU001_Snacks,Mumbai,377,0
90,SKU001_Snacks,Kolkata,461,0
90,SKU002_Beverages,Mumbai,377,0
90,SKU002_Beverages,Kolkata,351,0
90,SKU003_Cheese,Mumbai,246,0
90,SKU003_Cheese,Kolkata,245,0
90,SKU004_Bakery,Mumbai,414,0
90,SKU004_Bakery,Kolkata,426,0
90,SKU005_Frozen,Mumbai,330,0
90,SKU005_Frozen,Kolkata,364,0
91,SKU001_Snacks,Mumbai,407,0
91,SKU001_Snacks,Kolkata,406,0
91,SKU002_Beverages,Mumbai,280,0
91,SKU002_Beverages,Kolkata,325,0
91,SKU003_Cheese,Mumbai,276,0
91,SKU003_Cheese,Kolkata,238,0
91,SKU004_Bakery,Mumbai,384,0
91,SKU004_Bakery,Kolkata,367,0
91,SKU005_Frozen,Mumbai,322,0
91,SKU005_Frozen,Kolkata,317,0
92,SKU001_Snacks,Mumbai,387,0
92,SKU001_Snacks,Kolkata,390,0
92,SKU002_Beverages,Mumbai,382,0
92,SKU002_Beverages,Kolkata,337,0
92,SKU003_Cheese,Mumbai,304,0
92,SKU003_Cheese,Kolkata,269,0
92,SKU004_Bakery,Mumbai,377,0
92,SKU004_Bakery,Kolkata,362,0
92,SKU005_Frozen,Mumbai,336,0
92,SKU005_Frozen,Kolkata,353,0
93,SKU001_Snacks,Mumbai,419,0
93,SKU001_Snacks,Kolkata,460,0
93,SKU002_Beverages,Mumbai,416,0
93,SKU002_Beverages,Kolkata,386,0
93,SKU003_Cheese,Mumbai,296,0
93,SKU003_Cheese,Kolkata,278,0
93,SKU004_Bakery,Mumbai,404,0
93,SKU004_Bakery,Kolkata,418,0
93,SKU005_Frozen,Mumbai,325,0
93,SKU005_Frozen,Kolkata,364,0
94,SKU001_Snacks,Mumbai,427,0
94,SKU001_Snacks,Kolkata,458,0
94,SKU002_Beverages,Mumbai,313,0
94,SKU002_Beverages,Kolkata,389,0
94,SKU003_Cheese,Mumbai,258,0
94,SKU003_Cheese,Kolkata,326,0
94,SKU004_Bakery,Mumbai,419,0
94,SKU004_Bakery,Kolkata,421,0
94,SKU005_Frozen,Mumbai,334,0
94,SKU005_Frozen,Kolkata,309,0
95,SKU001_Snacks,Mumbai,444,0
95,SKU001_Snacks,Kolkata,429,0
95,SKU002_Beverages,Mumbai,370,0
95,SKU002_Beverages,Kolkata,332,0
95,SKU003_Cheese,Mumbai,260,0
95,SKU003_Cheese,Kolkata,296,0
95,SKU004_Bakery,Mumbai,319,0
95,SKU004_Bakery,Kolkata,408,0
95,SKU005_Frozen,Mumbai,250,0
95,SKU005_Frozen,Kolkata,297,0
96,SKU001_Snacks,Mumbai,695,1
96,SKU001_Snacks,Kolkata,605,1
96,SKU002_Beverages,Mumbai,496,1
96,SKU002_Beverages,Kolkata,519,1
96,SKU003_Cheese,Mumbai,508,1
96,SKU003_Cheese,Kolkata,415,1
96,SKU004_Bakery,Mumbai,607,1
96,SKU004_Bakery,Kolkata,523,1
96,SKU005_Frozen,Mumbai,521,1
96,SKU005_Frozen,Kolkata,460,1
97,SKU001_Snacks,Mumbai,500,0
97,SKU001_Snacks,Kolkata,534,0
97,SKU002_Beverages,Mumbai,402,0
97,SKU002_Beverages,Kolkata,439,0
97,SKU003_Cheese,Mumbai,334,0
97,SKU003_Cheese,Kolkata,325,0
97,SKU004_Bakery,Mumbai,500,0
97,SKU004_Bakery,Kolkata,437,0
97,SKU005_Frozen,Mumbai,419,0
97,SKU005_Frozen,Kolkata,403,0
98,SKU001_Snacks,Mumbai,478,0
98,SKU001_Snacks,Kolkata,494,0
98,SKU002_Beverages,Mumbai,420,0
98,SKU002_Beverages,Kolkata,414,0
98,SKU003_Cheese,Mumbai,293,0
98,SKU003_Cheese,Kolkata,357,0
98,SKU004_Bakery,Mumbai,472,0
98,SKU004_Bakery,Kolkata,408,0
98,SKU005_Frozen,Mumbai,373,0
98,SKU005_Frozen,Kolkata,369,0
99,SKU001_Snacks,Mumbai,422,0
99,SKU001_Snacks,Kolkata,402,0
99,SKU002_Beverages,Mumbai,414,0
99,SKU002_Beverages,Kolkata,373,0
99,SKU003_Cheese,Mumbai,306,0
99,SKU003_Cheese,Kolkata,251,0
99,SKU004_Bakery,Mumbai,381,0
99,SKU004_Bakery,Kolkata,443,0
99,SKU005_Frozen,Mumbai,312,0
99,SKU005_Frozen,Kolkata,352,0
100,SKU001_Snacks,Mumbai,475,0
100,SKU001_Snacks,Kolkata,471,0
100,SKU002_Beverages,Mumbai,471,0
100,SKU002_Beverages,Kolkata,389,0
100,SKU003_Cheese,Mumbai,365,0
100,SKU003_Cheese,Kolkata,358,0
100,SKU004_Bakery,Mumbai,485,0
100,SKU004_Bakery,Kolkata,444,0
100,SKU005_Frozen,Mumbai,349,0
100,SKU005_Frozen,Kolkata,352,0
101,SKU001_Snacks,Mumbai,580,0
101,SKU001_Snacks,Kolkata,542,0
101,SKU002_Beverages,Mumbai,474,0
101,SKU002_Beverages,Kolkata,538,0
101,SKU003_Cheese,Mumbai,361,0
101,SKU003_Cheese,Kolkata,378,0
101,SKU004_Bakery,Mumbai,567,0
101,SKU004_Bakery,Kolkata,568,0
101,SKU005_Frozen,Mumbai,480,0
101,SKU005_Frozen,Kolkata,491,0
102,SKU001_Snacks,Mumbai,539,0
102,SKU001_Snacks,Kolkata,544,0
102,SKU002_Beverages,Mumbai,484,0
102,SKU002_Beverages,Kolkata,505,0
102,SKU003_Cheese,Mumbai,390,0
102,SKU003_Cheese,Kolkata,408,0
102,SKU004_Bakery,Mumbai,544,0
102,SKU004_Bakery,Kolkata,491,0
102,SKU005_Frozen,Mumbai,418,0
102,SKU005_Frozen,Kolkata,427,0
103,SKU001_Snacks,Mumbai,499,0
103,SKU001_Snacks,Kolkata,538,0
103,SKU002_Beverages,Mumbai,387,0
103,SKU002_Beverages,Kolkata,396,0
103,SKU003_Cheese,Mumbai,306,0
103,SKU003_Cheese,Kolkata,358,0
103,SKU004_Bakery,Mumbai,511,0
103,SKU004_Bakery,Kolkata,481,0
103,SKU005_Frozen,Mumbai,407,0
103,SKU005_Frozen,Kolkata,380,0
104,SKU001_Snacks,Mumbai,603,0
104,SKU001_Snacks,Kolkata,627,0
104,SKU002_Beverages,Mumbai,505,0
104,SKU002_Beverages,Kolkata,468,0
104,SKU003_Cheese,Mumbai,405,0
104,SKU003_Cheese,Kolkata,351,0
104,SKU004_Bakery,Mumbai,519,0
104,SKU004_Bakery,Kolkata,549,0
104,SKU005_Frozen,Mumbai,488,0
104,SKU005_Frozen,Kolkata,429,0
